[INFO] Scanning for projects...
[INFO] 
[INFO] ------------------< com.backhaulmatch:fleet-service >-------------------
[INFO] Building fleet-service 1.0.0
[INFO]   from pom.xml
[INFO] --------------------------------[ jar ]---------------------------------
[INFO] 
[INFO] >>> spring-boot:3.5.5:run (default-cli) > test-compile @ fleet-service >>>
[INFO] 
[INFO] --- resources:3.3.1:resources (default-resources) @ fleet-service ---
[INFO] Copying 1 resource from src\main\resources to target\classes
[INFO] Copying 0 resource from src\main\resources to target\classes
[INFO] 
[INFO] --- compiler:3.14.0:compile (default-compile) @ fleet-service ---
[INFO] Nothing to compile - all classes are up to date.
[INFO] 
[INFO] --- resources:3.3.1:testResources (default-testResources) @ fleet-service ---
[INFO] skip non existing resourceDirectory C:\Users\LENOVO\Desktop\claudeSOC\backhaul-match (100)\backhaul-match\backend\fleet-service\src\test\resources
[INFO] 
[INFO] --- compiler:3.14.0:testCompile (default-testCompile) @ fleet-service ---
[INFO] No sources to compile
[INFO] 
[INFO] <<< spring-boot:3.5.5:run (default-cli) < test-compile @ fleet-service <<<
[INFO] 
[INFO] 
[INFO] --- spring-boot:3.5.5:run (default-cli) @ fleet-service ---
[INFO] Attaching agents: []

  .   ____          _            __ _ _
 /\\ / ___'_ __ _ _(_)_ __  __ _ \ \ \ \
( ( )\___ | '_ | '_| | '_ \/ _` | \ \ \ \
 \\/  ___)| |_)| | | | | || (_| |  ) ) ) )
  '  |____| .__|_| |_|_| |_\__, | / / / /
 =========|_|==============|___/=/_/_/_/

 :: Spring Boot ::                (v3.5.5)

2026-08-01T05:10:56.227+05:30  INFO 38740 --- [FLEET-SERVICE] [           main] c.b.fleet.FleetServiceApplication        : Starting FleetServiceApplication using Java 25.0.3 with PID 38740 (C:\Users\LENOVO\Desktop\claudeSOC\backhaul-match (100)\backhaul-match\backend\fleet-service\target\classes started by LENOVO in C:\Users\LENOVO\Desktop\claudeSOC\backhaul-match (100)\backhaul-match\backend\fleet-service)
2026-08-01T05:10:56.229+05:30  INFO 38740 --- [FLEET-SERVICE] [           main] c.b.fleet.FleetServiceApplication        : No active profile set, falling back to 1 default profile: "default"
2026-08-01T05:10:56.900+05:30  INFO 38740 --- [FLEET-SERVICE] [           main] .s.d.r.c.RepositoryConfigurationDelegate : Bootstrapping Spring Data JPA repositories in DEFAULT mode.
2026-08-01T05:10:57.053+05:30  INFO 38740 --- [FLEET-SERVICE] [           main] .s.d.r.c.RepositoryConfigurationDelegate : Finished Spring Data repository scanning in 144 ms. Found 5 JPA repository interfaces.
2026-08-01T05:10:57.264+05:30  INFO 38740 --- [FLEET-SERVICE] [           main] o.s.cloud.context.scope.GenericScope     : BeanFactory id=20c4b837-b6e1-36dd-8754-258e5e6a1d26
2026-08-01T05:10:57.677+05:30  INFO 38740 --- [FLEET-SERVICE] [           main] o.s.b.w.embedded.tomcat.TomcatWebServer  : Tomcat initialized with port 8084 (http)
2026-08-01T05:10:57.693+05:30  INFO 38740 --- [FLEET-SERVICE] [           main] o.apache.catalina.core.StandardService   : Starting service [Tomcat]
2026-08-01T05:10:57.694+05:30  INFO 38740 --- [FLEET-SERVICE] [           main] o.apache.catalina.core.StandardEngine    : Starting Servlet engine: [Apache Tomcat/10.1.44]
2026-08-01T05:10:57.774+05:30  INFO 38740 --- [FLEET-SERVICE] [           main] o.a.c.c.C.[Tomcat].[localhost].[/]       : Initializing Spring embedded WebApplicationContext
2026-08-01T05:10:57.775+05:30  INFO 38740 --- [FLEET-SERVICE] [           main] w.s.c.ServletWebServerApplicationContext : Root WebApplicationContext: initialization completed in 1495 ms
2026-08-01T05:10:57.965+05:30  INFO 38740 --- [FLEET-SERVICE] [           main] o.hibernate.jpa.internal.util.LogHelper  : HHH000204: Processing PersistenceUnitInfo [name: default]
2026-08-01T05:10:58.033+05:30  INFO 38740 --- [FLEET-SERVICE] [           main] org.hibernate.Version                    : HHH000412: Hibernate ORM core version 6.6.26.Final
2026-08-01T05:10:58.076+05:30  INFO 38740 --- [FLEET-SERVICE] [           main] o.h.c.internal.RegionFactoryInitiator    : HHH000026: Second-level cache disabled
2026-08-01T05:10:58.422+05:30  INFO 38740 --- [FLEET-SERVICE] [           main] o.s.o.j.p.SpringPersistenceUnitInfo      : No LoadTimeWeaver setup: ignoring JPA class transformer
2026-08-01T05:10:58.459+05:30  INFO 38740 --- [FLEET-SERVICE] [           main] com.zaxxer.hikari.HikariDataSource       : HikariPool-1 - Starting...
2026-08-01T05:10:58.637+05:30  INFO 38740 --- [FLEET-SERVICE] [           main] com.zaxxer.hikari.pool.HikariPool        : HikariPool-1 - Added connection com.mysql.cj.jdbc.ConnectionImpl@398f0516
2026-08-01T05:10:58.639+05:30  INFO 38740 --- [FLEET-SERVICE] [           main] com.zaxxer.hikari.HikariDataSource       : HikariPool-1 - Start completed.
2026-08-01T05:10:58.746+05:30  INFO 38740 --- [FLEET-SERVICE] [           main] org.hibernate.orm.connections.pooling    : HHH10001005: Database info:
	Database JDBC URL [Connecting through datasource 'HikariDataSource (HikariPool-1)']
	Database driver: undefined/unknown
	Database version: 9.1
	Autocommit mode: undefined/unknown
	Isolation level: undefined/unknown
	Minimum pool size: undefined/unknown
	Maximum pool size: undefined/unknown
2026-08-01T05:10:59.848+05:30  INFO 38740 --- [FLEET-SERVICE] [           main] o.h.e.t.j.p.i.JtaPlatformInitiator       : HHH000489: No JTA platform available (set 'hibernate.transaction.jta.platform' to enable JTA platform integration)
Hibernate: alter table trucks modify column truck_no varchar(255) not null
2026-08-01T05:10:59.958+05:30  WARN 38740 --- [FLEET-SERVICE] [           main] o.h.t.s.i.ExceptionHandlerLoggedImpl     : GenerationTarget encountered exception accepting command : Error executing DDL "alter table trucks modify column truck_no varchar(255) not null" via JDBC [Specified key was too long; max key length is 1000 bytes]

org.hibernate.tool.schema.spi.CommandAcceptanceException: Error executing DDL "alter table trucks modify column truck_no varchar(255) not null" via JDBC [Specified key was too long; max key length is 1000 bytes]
	at org.hibernate.tool.schema.internal.exec.GenerationTargetToDatabase.accept(GenerationTargetToDatabase.java:94) ~[hibernate-core-6.6.26.Final.jar:6.6.26.Final]
	at org.hibernate.tool.schema.internal.AbstractSchemaMigrator.applySqlString(AbstractSchemaMigrator.java:576) ~[hibernate-core-6.6.26.Final.jar:6.6.26.Final]
	at org.hibernate.tool.schema.internal.AbstractSchemaMigrator.applySqlStrings(AbstractSchemaMigrator.java:516) ~[hibernate-core-6.6.26.Final.jar:6.6.26.Final]
	at org.hibernate.tool.schema.internal.AbstractSchemaMigrator.migrateTable(AbstractSchemaMigrator.java:334) ~[hibernate-core-6.6.26.Final.jar:6.6.26.Final]
	at org.hibernate.tool.schema.internal.GroupedSchemaMigratorImpl.performTablesMigration(GroupedSchemaMigratorImpl.java:84) ~[hibernate-core-6.6.26.Final.jar:6.6.26.Final]
	at org.hibernate.tool.schema.internal.AbstractSchemaMigrator.performMigration(AbstractSchemaMigrator.java:233) ~[hibernate-core-6.6.26.Final.jar:6.6.26.Final]
	at org.hibernate.tool.schema.internal.AbstractSchemaMigrator.doMigration(AbstractSchemaMigrator.java:112) ~[hibernate-core-6.6.26.Final.jar:6.6.26.Final]
	at org.hibernate.tool.schema.spi.SchemaManagementToolCoordinator.performDatabaseAction(SchemaManagementToolCoordinator.java:280) ~[hibernate-core-6.6.26.Final.jar:6.6.26.Final]
	at org.hibernate.tool.schema.spi.SchemaManagementToolCoordinator.lambda$process$5(SchemaManagementToolCoordinator.java:144) ~[hibernate-core-6.6.26.Final.jar:6.6.26.Final]
	at java.base/java.util.HashMap.forEach(HashMap.java:1430) ~[na:na]
	at org.hibernate.tool.schema.spi.SchemaManagementToolCoordinator.process(SchemaManagementToolCoordinator.java:141) ~[hibernate-core-6.6.26.Final.jar:6.6.26.Final]
	at org.hibernate.boot.internal.SessionFactoryObserverForSchemaExport.sessionFactoryCreated(SessionFactoryObserverForSchemaExport.java:37) ~[hibernate-core-6.6.26.Final.jar:6.6.26.Final]
	at org.hibernate.internal.SessionFactoryObserverChain.sessionFactoryCreated(SessionFactoryObserverChain.java:35) ~[hibernate-core-6.6.26.Final.jar:6.6.26.Final]
	at org.hibernate.internal.SessionFactoryImpl.<init>(SessionFactoryImpl.java:324) ~[hibernate-core-6.6.26.Final.jar:6.6.26.Final]
	at org.hibernate.boot.internal.SessionFactoryBuilderImpl.build(SessionFactoryBuilderImpl.java:463) ~[hibernate-core-6.6.26.Final.jar:6.6.26.Final]
	at org.hibernate.jpa.boot.internal.EntityManagerFactoryBuilderImpl.build(EntityManagerFactoryBuilderImpl.java:1517) ~[hibernate-core-6.6.26.Final.jar:6.6.26.Final]
	at org.springframework.orm.jpa.vendor.SpringHibernateJpaPersistenceProvider.createContainerEntityManagerFactory(SpringHibernateJpaPersistenceProvider.java:66) ~[spring-orm-6.2.10.jar:6.2.10]
	at org.springframework.orm.jpa.LocalContainerEntityManagerFactoryBean.createNativeEntityManagerFactory(LocalContainerEntityManagerFactoryBean.java:390) ~[spring-orm-6.2.10.jar:6.2.10]
	at org.springframework.orm.jpa.AbstractEntityManagerFactoryBean.buildNativeEntityManagerFactory(AbstractEntityManagerFactoryBean.java:419) ~[spring-orm-6.2.10.jar:6.2.10]
	at org.springframework.orm.jpa.AbstractEntityManagerFactoryBean.afterPropertiesSet(AbstractEntityManagerFactoryBean.java:400) ~[spring-orm-6.2.10.jar:6.2.10]
	at org.springframework.orm.jpa.LocalContainerEntityManagerFactoryBean.afterPropertiesSet(LocalContainerEntityManagerFactoryBean.java:366) ~[spring-orm-6.2.10.jar:6.2.10]
	at org.springframework.beans.factory.support.AbstractAutowireCapableBeanFactory.invokeInitMethods(AbstractAutowireCapableBeanFactory.java:1873) ~[spring-beans-6.2.10.jar:6.2.10]
	at org.springframework.beans.factory.support.AbstractAutowireCapableBeanFactory.initializeBean(AbstractAutowireCapableBeanFactory.java:1822) ~[spring-beans-6.2.10.jar:6.2.10]
	at org.springframework.beans.factory.support.AbstractAutowireCapableBeanFactory.doCreateBean(AbstractAutowireCapableBeanFactory.java:607) ~[spring-beans-6.2.10.jar:6.2.10]
	at org.springframework.beans.factory.support.AbstractAutowireCapableBeanFactory.createBean(AbstractAutowireCapableBeanFactory.java:529) ~[spring-beans-6.2.10.jar:6.2.10]
	at org.springframework.beans.factory.support.AbstractBeanFactory.lambda$doGetBean$0(AbstractBeanFactory.java:339) ~[spring-beans-6.2.10.jar:6.2.10]
	at org.springframework.beans.factory.support.DefaultSingletonBeanRegistry.getSingleton(DefaultSingletonBeanRegistry.java:373) ~[spring-beans-6.2.10.jar:6.2.10]
	at org.springframework.beans.factory.support.AbstractBeanFactory.doGetBean(AbstractBeanFactory.java:337) ~[spring-beans-6.2.10.jar:6.2.10]
	at org.springframework.beans.factory.support.AbstractBeanFactory.getBean(AbstractBeanFactory.java:207) ~[spring-beans-6.2.10.jar:6.2.10]
	at org.springframework.context.support.AbstractApplicationContext.finishBeanFactoryInitialization(AbstractApplicationContext.java:970) ~[spring-context-6.2.10.jar:6.2.10]
	at org.springframework.context.support.AbstractApplicationContext.refresh(AbstractApplicationContext.java:627) ~[spring-context-6.2.10.jar:6.2.10]
	at org.springframework.boot.web.servlet.context.ServletWebServerApplicationContext.refresh(ServletWebServerApplicationContext.java:146) ~[spring-boot-3.5.5.jar:3.5.5]
	at org.springframework.boot.SpringApplication.refresh(SpringApplication.java:752) ~[spring-boot-3.5.5.jar:3.5.5]
	at org.springframework.boot.SpringApplication.refreshContext(SpringApplication.java:439) ~[spring-boot-3.5.5.jar:3.5.5]
	at org.springframework.boot.SpringApplication.run(SpringApplication.java:318) ~[spring-boot-3.5.5.jar:3.5.5]
	at org.springframework.boot.SpringApplication.run(SpringApplication.java:1361) ~[spring-boot-3.5.5.jar:3.5.5]
	at org.springframework.boot.SpringApplication.run(SpringApplication.java:1350) ~[spring-boot-3.5.5.jar:3.5.5]
	at com.backhaulmatch.fleet.FleetServiceApplication.main(FleetServiceApplication.java:11) ~[classes/:na]
Caused by: java.sql.SQLSyntaxErrorException: Specified key was too long; max key length is 1000 bytes
	at com.mysql.cj.jdbc.exceptions.SQLError.createSQLException(SQLError.java:112) ~[mysql-connector-j-9.4.0.jar:9.4.0]
	at com.mysql.cj.jdbc.exceptions.SQLExceptionsMapping.translateException(SQLExceptionsMapping.java:114) ~[mysql-connector-j-9.4.0.jar:9.4.0]
	at com.mysql.cj.jdbc.StatementImpl.executeInternal(StatementImpl.java:837) ~[mysql-connector-j-9.4.0.jar:9.4.0]
	at com.mysql.cj.jdbc.StatementImpl.execute(StatementImpl.java:685) ~[mysql-connector-j-9.4.0.jar:9.4.0]
	at com.zaxxer.hikari.pool.ProxyStatement.execute(ProxyStatement.java:95) ~[HikariCP-6.3.2.jar:na]
	at com.zaxxer.hikari.pool.HikariProxyStatement.execute(HikariProxyStatement.java) ~[HikariCP-6.3.2.jar:na]
	at org.hibernate.tool.schema.internal.exec.GenerationTargetToDatabase.accept(GenerationTargetToDatabase.java:80) ~[hibernate-core-6.6.26.Final.jar:6.6.26.Final]
	... 37 common frames omitted

2026-08-01T05:10:59.964+05:30  INFO 38740 --- [FLEET-SERVICE] [           main] j.LocalContainerEntityManagerFactoryBean : Initialized JPA EntityManagerFactory for persistence unit 'default'
2026-08-01T05:11:00.262+05:30  INFO 38740 --- [FLEET-SERVICE] [           main] o.s.d.j.r.query.QueryEnhancerFactory     : Hibernate is in classpath; If applicable, HQL parser will be used.
2026-08-01T05:11:01.480+05:30  WARN 38740 --- [FLEET-SERVICE] [           main] JpaBaseConfiguration$JpaWebConfiguration : spring.jpa.open-in-view is enabled by default. Therefore, database queries may be performed during view rendering. Explicitly configure spring.jpa.open-in-view to disable this warning
2026-08-01T05:11:03.031+05:30  INFO 38740 --- [FLEET-SERVICE] [           main] o.s.cloud.commons.util.InetUtils         : Cannot determine local hostname
2026-08-01T05:11:04.066+05:30  INFO 38740 --- [FLEET-SERVICE] [           main] o.s.cloud.commons.util.InetUtils         : Cannot determine local hostname
2026-08-01T05:11:04.094+05:30  INFO 38740 --- [FLEET-SERVICE] [           main] DiscoveryClientOptionalArgsConfiguration : Eureka HTTP Client uses RestTemplate.
2026-08-01T05:11:04.126+05:30  WARN 38740 --- [FLEET-SERVICE] [           main] iguration$LoadBalancerCaffeineWarnLogger : Spring Cloud LoadBalancer is currently working with the default cache. While this cache implementation is useful for development and tests, it's recommended to use Caffeine cache in production.You can switch to using Caffeine cache, by adding it and org.springframework.cache.caffeine.CaffeineCacheManager to the classpath.
2026-08-01T05:11:04.152+05:30  INFO 38740 --- [FLEET-SERVICE] [           main] o.s.c.n.eureka.InstanceInfoFactory       : Setting initial instance status as: STARTING
2026-08-01T05:11:04.177+05:30  INFO 38740 --- [FLEET-SERVICE] [           main] com.netflix.discovery.DiscoveryClient    : Initializing Eureka in region us-east-1
2026-08-01T05:11:04.181+05:30  INFO 38740 --- [FLEET-SERVICE] [           main] c.n.d.s.r.aws.ConfigClusterResolver      : Resolving eureka endpoints via configuration
2026-08-01T05:11:04.190+05:30  INFO 38740 --- [FLEET-SERVICE] [           main] com.netflix.discovery.DiscoveryClient    : Disable delta property : false
2026-08-01T05:11:04.190+05:30  INFO 38740 --- [FLEET-SERVICE] [           main] com.netflix.discovery.DiscoveryClient    : Single vip registry refresh property : null
2026-08-01T05:11:04.190+05:30  INFO 38740 --- [FLEET-SERVICE] [           main] com.netflix.discovery.DiscoveryClient    : Force full registry fetch : false
2026-08-01T05:11:04.190+05:30  INFO 38740 --- [FLEET-SERVICE] [           main] com.netflix.discovery.DiscoveryClient    : Application is null : false
2026-08-01T05:11:04.190+05:30  INFO 38740 --- [FLEET-SERVICE] [           main] com.netflix.discovery.DiscoveryClient    : Registered Applications size is zero : true
2026-08-01T05:11:04.191+05:30  INFO 38740 --- [FLEET-SERVICE] [           main] com.netflix.discovery.DiscoveryClient    : Application version is -1: true
2026-08-01T05:11:04.191+05:30  INFO 38740 --- [FLEET-SERVICE] [           main] com.netflix.discovery.DiscoveryClient    : Getting all instance registry info from the eureka server
2026-08-01T05:11:04.626+05:30  INFO 38740 --- [FLEET-SERVICE] [           main] com.netflix.discovery.DiscoveryClient    : The response status is 200
2026-08-01T05:11:04.628+05:30  INFO 38740 --- [FLEET-SERVICE] [           main] com.netflix.discovery.DiscoveryClient    : Starting heartbeat executor: renew interval is: 30
2026-08-01T05:11:04.631+05:30  INFO 38740 --- [FLEET-SERVICE] [           main] c.n.discovery.InstanceInfoReplicator     : InstanceInfoReplicator onDemand update allowed rate per min is 4
2026-08-01T05:11:04.634+05:30  INFO 38740 --- [FLEET-SERVICE] [           main] com.netflix.discovery.DiscoveryClient    : Discovery Client initialized at timestamp 1785541264632 with initial instances count: 9
2026-08-01T05:11:04.639+05:30  INFO 38740 --- [FLEET-SERVICE] [           main] o.s.c.n.e.s.EurekaServiceRegistry        : Registering application FLEET-SERVICE with eureka with status UP
2026-08-01T05:11:04.639+05:30  INFO 38740 --- [FLEET-SERVICE] [           main] com.netflix.discovery.DiscoveryClient    : Saw local status change event StatusChangeEvent [timestamp=1785541264639, current=UP, previous=STARTING]
2026-08-01T05:11:04.643+05:30  INFO 38740 --- [FLEET-SERVICE] [foReplicator-%d] com.netflix.discovery.DiscoveryClient    : DiscoveryClient_FLEET-SERVICE/localhost:FLEET-SERVICE:8084: registering service...
2026-08-01T05:11:04.662+05:30  INFO 38740 --- [FLEET-SERVICE] [           main] o.s.b.w.embedded.tomcat.TomcatWebServer  : Tomcat started on port 8084 (http) with context path '/'
2026-08-01T05:11:04.663+05:30  INFO 38740 --- [FLEET-SERVICE] [           main] .s.c.n.e.s.EurekaAutoServiceRegistration : Updating port to 8084
2026-08-01T05:11:04.693+05:30  INFO 38740 --- [FLEET-SERVICE] [foReplicator-%d] com.netflix.discovery.DiscoveryClient    : DiscoveryClient_FLEET-SERVICE/localhost:FLEET-SERVICE:8084 - registration status: 204
2026-08-01T05:11:05.068+05:30  INFO 38740 --- [FLEET-SERVICE] [nio-8084-exec-1] o.a.c.c.C.[Tomcat].[localhost].[/]       : Initializing Spring DispatcherServlet 'dispatcherServlet'
2026-08-01T05:11:05.068+05:30  INFO 38740 --- [FLEET-SERVICE] [nio-8084-exec-1] o.s.web.servlet.DispatcherServlet        : Initializing Servlet 'dispatcherServlet'
2026-08-01T05:11:05.070+05:30  INFO 38740 --- [FLEET-SERVICE] [nio-8084-exec-1] o.s.web.servlet.DispatcherServlet        : Completed initialization in 2 ms
Hibernate: select fc1_0.id,fc1_0.address,fc1_0.company_name,fc1_0.contact_phone,fc1_0.created_at,fc1_0.registration_no,fc1_0.user_id from fleet_companies fc1_0 where fc1_0.user_id=?
Hibernate: select fc1_0.id,fc1_0.address,fc1_0.company_name,fc1_0.contact_phone,fc1_0.created_at,fc1_0.registration_no,fc1_0.user_id from fleet_companies fc1_0 where fc1_0.user_id=?
Hibernate: select t1_0.id,t1_0.capacity_ton,t1_0.fleet_company_id,t1_0.status,t1_0.truck_no,t1_0.truck_type from trucks t1_0 where t1_0.fleet_company_id=?
Hibernate: select t1_0.id,t1_0.capacity_ton,t1_0.fleet_company_id,t1_0.status,t1_0.truck_no,t1_0.truck_type from trucks t1_0 where t1_0.fleet_company_id=?
2026-08-01T05:11:05.673+05:30  INFO 38740 --- [FLEET-SERVICE] [           main] o.s.cloud.commons.util.InetUtils         : Cannot determine local hostname
2026-08-01T05:11:05.685+05:30  INFO 38740 --- [FLEET-SERVICE] [           main] c.b.fleet.FleetServiceApplication        : Started FleetServiceApplication in 10.938 seconds (process running for 11.559)
Hibernate: select fc1_0.id,fc1_0.address,fc1_0.company_name,fc1_0.contact_phone,fc1_0.created_at,fc1_0.registration_no,fc1_0.user_id from fleet_companies fc1_0 where fc1_0.user_id=?
Hibernate: select t1_0.id,t1_0.capacity_ton,t1_0.fleet_company_id,t1_0.status,t1_0.truck_no,t1_0.truck_type from trucks t1_0 where t1_0.fleet_company_id=?
Hibernate: select fc1_0.id,fc1_0.address,fc1_0.company_name,fc1_0.contact_phone,fc1_0.created_at,fc1_0.registration_no,fc1_0.user_id from fleet_companies fc1_0 where fc1_0.user_id=?
Hibernate: select t1_0.id,t1_0.capacity_ton,t1_0.fleet_company_id,t1_0.status,t1_0.truck_no,t1_0.truck_type from trucks t1_0 where t1_0.fleet_company_id=?
Hibernate: select fc1_0.id,fc1_0.address,fc1_0.company_name,fc1_0.contact_phone,fc1_0.created_at,fc1_0.registration_no,fc1_0.user_id from fleet_companies fc1_0 where fc1_0.user_id=?
Hibernate: select fc1_0.id,fc1_0.address,fc1_0.company_name,fc1_0.contact_phone,fc1_0.created_at,fc1_0.registration_no,fc1_0.user_id from fleet_companies fc1_0 where fc1_0.user_id=?
Hibernate: select t1_0.id,t1_0.capacity_ton,t1_0.fleet_company_id,t1_0.status,t1_0.truck_no,t1_0.truck_type from trucks t1_0 where t1_0.fleet_company_id=?
Hibernate: select t1_0.id,t1_0.capacity_ton,t1_0.fleet_company_id,t1_0.status,t1_0.truck_no,t1_0.truck_type from trucks t1_0 where t1_0.fleet_company_id=?
Hibernate: select fc1_0.id,fc1_0.address,fc1_0.company_name,fc1_0.contact_phone,fc1_0.created_at,fc1_0.registration_no,fc1_0.user_id from fleet_companies fc1_0 where fc1_0.user_id=?
Hibernate: select t1_0.id,t1_0.capacity_ton,t1_0.fleet_company_id,t1_0.status,t1_0.truck_no,t1_0.truck_type from trucks t1_0 where t1_0.fleet_company_id=?
Hibernate: select fc1_0.id,fc1_0.address,fc1_0.company_name,fc1_0.contact_phone,fc1_0.created_at,fc1_0.registration_no,fc1_0.user_id from fleet_companies fc1_0 where fc1_0.user_id=?
Hibernate: select t1_0.id,t1_0.capacity_ton,t1_0.fleet_company_id,t1_0.status,t1_0.truck_no,t1_0.truck_type from trucks t1_0 where t1_0.fleet_company_id=?
Hibernate: select fc1_0.id,fc1_0.address,fc1_0.company_name,fc1_0.contact_phone,fc1_0.created_at,fc1_0.registration_no,fc1_0.user_id from fleet_companies fc1_0 where fc1_0.user_id=?
Hibernate: select fc1_0.id,fc1_0.address,fc1_0.company_name,fc1_0.contact_phone,fc1_0.created_at,fc1_0.registration_no,fc1_0.user_id from fleet_companies fc1_0 where fc1_0.user_id=?
Hibernate: select t1_0.id,t1_0.capacity_ton,t1_0.fleet_company_id,t1_0.status,t1_0.truck_no,t1_0.truck_type from trucks t1_0 where t1_0.fleet_company_id=?
Hibernate: select t1_0.id,t1_0.capacity_ton,t1_0.fleet_company_id,t1_0.status,t1_0.truck_no,t1_0.truck_type from trucks t1_0 where t1_0.fleet_company_id=?
Hibernate: select fc1_0.id,fc1_0.address,fc1_0.company_name,fc1_0.contact_phone,fc1_0.created_at,fc1_0.registration_no,fc1_0.user_id from fleet_companies fc1_0 where fc1_0.user_id=?
Hibernate: select fc1_0.id,fc1_0.address,fc1_0.company_name,fc1_0.contact_phone,fc1_0.created_at,fc1_0.registration_no,fc1_0.user_id from fleet_companies fc1_0 where fc1_0.user_id=?
Hibernate: select t1_0.id,t1_0.capacity_ton,t1_0.fleet_company_id,t1_0.status,t1_0.truck_no,t1_0.truck_type from trucks t1_0 where t1_0.fleet_company_id=?
Hibernate: select t1_0.id,t1_0.capacity_ton,t1_0.fleet_company_id,t1_0.status,t1_0.truck_no,t1_0.truck_type from trucks t1_0 where t1_0.fleet_company_id=?
Hibernate: select fc1_0.id,fc1_0.address,fc1_0.company_name,fc1_0.contact_phone,fc1_0.created_at,fc1_0.registration_no,fc1_0.user_id from fleet_companies fc1_0 where fc1_0.user_id=?
Hibernate: select fc1_0.id,fc1_0.address,fc1_0.company_name,fc1_0.contact_phone,fc1_0.created_at,fc1_0.registration_no,fc1_0.user_id from fleet_companies fc1_0 where fc1_0.user_id=?
Hibernate: select t1_0.id,t1_0.capacity_ton,t1_0.fleet_company_id,t1_0.status,t1_0.truck_no,t1_0.truck_type from trucks t1_0 where t1_0.fleet_company_id=?
Hibernate: select t1_0.id,t1_0.capacity_ton,t1_0.fleet_company_id,t1_0.status,t1_0.truck_no,t1_0.truck_type from trucks t1_0 where t1_0.fleet_company_id=?
Hibernate: select fc1_0.id,fc1_0.address,fc1_0.company_name,fc1_0.contact_phone,fc1_0.created_at,fc1_0.registration_no,fc1_0.user_id from fleet_companies fc1_0 where fc1_0.user_id=?
Hibernate: select fc1_0.id,fc1_0.address,fc1_0.company_name,fc1_0.contact_phone,fc1_0.created_at,fc1_0.registration_no,fc1_0.user_id from fleet_companies fc1_0 where fc1_0.user_id=?
Hibernate: select t1_0.id,t1_0.capacity_ton,t1_0.fleet_company_id,t1_0.status,t1_0.truck_no,t1_0.truck_type from trucks t1_0 where t1_0.fleet_company_id=?
Hibernate: select t1_0.id,t1_0.capacity_ton,t1_0.fleet_company_id,t1_0.status,t1_0.truck_no,t1_0.truck_type from trucks t1_0 where t1_0.fleet_company_id=?
Hibernate: select fc1_0.id,fc1_0.address,fc1_0.company_name,fc1_0.contact_phone,fc1_0.created_at,fc1_0.registration_no,fc1_0.user_id from fleet_companies fc1_0 where fc1_0.user_id=?
Hibernate: select fc1_0.id,fc1_0.address,fc1_0.company_name,fc1_0.contact_phone,fc1_0.created_at,fc1_0.registration_no,fc1_0.user_id from fleet_companies fc1_0 where fc1_0.user_id=?
Hibernate: select t1_0.id,t1_0.capacity_ton,t1_0.fleet_company_id,t1_0.status,t1_0.truck_no,t1_0.truck_type from trucks t1_0 where t1_0.fleet_company_id=?
Hibernate: select t1_0.id,t1_0.capacity_ton,t1_0.fleet_company_id,t1_0.status,t1_0.truck_no,t1_0.truck_type from trucks t1_0 where t1_0.fleet_company_id=?
Hibernate: select fc1_0.id,fc1_0.address,fc1_0.company_name,fc1_0.contact_phone,fc1_0.created_at,fc1_0.registration_no,fc1_0.user_id from fleet_companies fc1_0 where fc1_0.user_id=?
Hibernate: select t1_0.id,t1_0.capacity_ton,t1_0.fleet_company_id,t1_0.status,t1_0.truck_no,t1_0.truck_type from trucks t1_0 where t1_0.fleet_company_id=?
Hibernate: select fc1_0.id,fc1_0.address,fc1_0.company_name,fc1_0.contact_phone,fc1_0.created_at,fc1_0.registration_no,fc1_0.user_id from fleet_companies fc1_0 where fc1_0.user_id=?
Hibernate: select t1_0.id,t1_0.capacity_ton,t1_0.fleet_company_id,t1_0.status,t1_0.truck_no,t1_0.truck_type from trucks t1_0 where t1_0.fleet_company_id=?
Hibernate: select fc1_0.id,fc1_0.address,fc1_0.company_name,fc1_0.contact_phone,fc1_0.created_at,fc1_0.registration_no,fc1_0.user_id from fleet_companies fc1_0 where fc1_0.user_id=?
Hibernate: select fc1_0.id,fc1_0.address,fc1_0.company_name,fc1_0.contact_phone,fc1_0.created_at,fc1_0.registration_no,fc1_0.user_id from fleet_companies fc1_0 where fc1_0.user_id=?
Hibernate: select t1_0.id,t1_0.capacity_ton,t1_0.fleet_company_id,t1_0.status,t1_0.truck_no,t1_0.truck_type from trucks t1_0 where t1_0.fleet_company_id=?
Hibernate: select t1_0.id,t1_0.capacity_ton,t1_0.fleet_company_id,t1_0.status,t1_0.truck_no,t1_0.truck_type from trucks t1_0 where t1_0.fleet_company_id=?
Hibernate: select fc1_0.id,fc1_0.address,fc1_0.company_name,fc1_0.contact_phone,fc1_0.created_at,fc1_0.registration_no,fc1_0.user_id from fleet_companies fc1_0 where fc1_0.user_id=?
Hibernate: select fc1_0.id,fc1_0.address,fc1_0.company_name,fc1_0.contact_phone,fc1_0.created_at,fc1_0.registration_no,fc1_0.user_id from fleet_companies fc1_0 where fc1_0.user_id=?
Hibernate: select t1_0.id,t1_0.capacity_ton,t1_0.fleet_company_id,t1_0.status,t1_0.truck_no,t1_0.truck_type from trucks t1_0 where t1_0.fleet_company_id=?
Hibernate: select t1_0.id,t1_0.capacity_ton,t1_0.fleet_company_id,t1_0.status,t1_0.truck_no,t1_0.truck_type from trucks t1_0 where t1_0.fleet_company_id=?
Hibernate: select fc1_0.id,fc1_0.address,fc1_0.company_name,fc1_0.contact_phone,fc1_0.created_at,fc1_0.registration_no,fc1_0.user_id from fleet_companies fc1_0 where fc1_0.user_id=?
Hibernate: select fc1_0.id,fc1_0.address,fc1_0.company_name,fc1_0.contact_phone,fc1_0.created_at,fc1_0.registration_no,fc1_0.user_id from fleet_companies fc1_0 where fc1_0.user_id=?
Hibernate: select t1_0.id,t1_0.capacity_ton,t1_0.fleet_company_id,t1_0.status,t1_0.truck_no,t1_0.truck_type from trucks t1_0 where t1_0.fleet_company_id=?
Hibernate: select t1_0.id,t1_0.capacity_ton,t1_0.fleet_company_id,t1_0.status,t1_0.truck_no,t1_0.truck_type from trucks t1_0 where t1_0.fleet_company_id=?
Hibernate: select fc1_0.id,fc1_0.address,fc1_0.company_name,fc1_0.contact_phone,fc1_0.created_at,fc1_0.registration_no,fc1_0.user_id from fleet_companies fc1_0 where fc1_0.user_id=?
Hibernate: select fc1_0.id,fc1_0.address,fc1_0.company_name,fc1_0.contact_phone,fc1_0.created_at,fc1_0.registration_no,fc1_0.user_id from fleet_companies fc1_0 where fc1_0.user_id=?
Hibernate: select t1_0.id,t1_0.capacity_ton,t1_0.fleet_company_id,t1_0.status,t1_0.truck_no,t1_0.truck_type from trucks t1_0 where t1_0.fleet_company_id=?
Hibernate: select t1_0.id,t1_0.capacity_ton,t1_0.fleet_company_id,t1_0.status,t1_0.truck_no,t1_0.truck_type from trucks t1_0 where t1_0.fleet_company_id=?
Hibernate: select fc1_0.id,fc1_0.address,fc1_0.company_name,fc1_0.contact_phone,fc1_0.created_at,fc1_0.registration_no,fc1_0.user_id from fleet_companies fc1_0 where fc1_0.user_id=?
Hibernate: select fc1_0.id,fc1_0.address,fc1_0.company_name,fc1_0.contact_phone,fc1_0.created_at,fc1_0.registration_no,fc1_0.user_id from fleet_companies fc1_0 where fc1_0.user_id=?
Hibernate: select t1_0.id,t1_0.capacity_ton,t1_0.fleet_company_id,t1_0.status,t1_0.truck_no,t1_0.truck_type from trucks t1_0 where t1_0.fleet_company_id=?
Hibernate: select t1_0.id,t1_0.capacity_ton,t1_0.fleet_company_id,t1_0.status,t1_0.truck_no,t1_0.truck_type from trucks t1_0 where t1_0.fleet_company_id=?
Hibernate: select fc1_0.id,fc1_0.address,fc1_0.company_name,fc1_0.contact_phone,fc1_0.created_at,fc1_0.registration_no,fc1_0.user_id from fleet_companies fc1_0 where fc1_0.user_id=?
Hibernate: select fc1_0.id,fc1_0.address,fc1_0.company_name,fc1_0.contact_phone,fc1_0.created_at,fc1_0.registration_no,fc1_0.user_id from fleet_companies fc1_0 where fc1_0.user_id=?
Hibernate: select t1_0.id,t1_0.capacity_ton,t1_0.fleet_company_id,t1_0.status,t1_0.truck_no,t1_0.truck_type from trucks t1_0 where t1_0.fleet_company_id=?
Hibernate: select t1_0.id,t1_0.capacity_ton,t1_0.fleet_company_id,t1_0.status,t1_0.truck_no,t1_0.truck_type from trucks t1_0 where t1_0.fleet_company_id=?
Hibernate: select fc1_0.id,fc1_0.address,fc1_0.company_name,fc1_0.contact_phone,fc1_0.created_at,fc1_0.registration_no,fc1_0.user_id from fleet_companies fc1_0 where fc1_0.user_id=?
Hibernate: select fc1_0.id,fc1_0.address,fc1_0.company_name,fc1_0.contact_phone,fc1_0.created_at,fc1_0.registration_no,fc1_0.user_id from fleet_companies fc1_0 where fc1_0.user_id=?
Hibernate: select t1_0.id,t1_0.capacity_ton,t1_0.fleet_company_id,t1_0.status,t1_0.truck_no,t1_0.truck_type from trucks t1_0 where t1_0.fleet_company_id=?
Hibernate: select t1_0.id,t1_0.capacity_ton,t1_0.fleet_company_id,t1_0.status,t1_0.truck_no,t1_0.truck_type from trucks t1_0 where t1_0.fleet_company_id=?
Hibernate: select fc1_0.id,fc1_0.address,fc1_0.company_name,fc1_0.contact_phone,fc1_0.created_at,fc1_0.registration_no,fc1_0.user_id from fleet_companies fc1_0 where fc1_0.user_id=?
Hibernate: select fc1_0.id,fc1_0.address,fc1_0.company_name,fc1_0.contact_phone,fc1_0.created_at,fc1_0.registration_no,fc1_0.user_id from fleet_companies fc1_0 where fc1_0.user_id=?
Hibernate: select t1_0.id,t1_0.capacity_ton,t1_0.fleet_company_id,t1_0.status,t1_0.truck_no,t1_0.truck_type from trucks t1_0 where t1_0.fleet_company_id=?
Hibernate: select t1_0.id,t1_0.capacity_ton,t1_0.fleet_company_id,t1_0.status,t1_0.truck_no,t1_0.truck_type from trucks t1_0 where t1_0.fleet_company_id=?
Hibernate: select fc1_0.id,fc1_0.address,fc1_0.company_name,fc1_0.contact_phone,fc1_0.created_at,fc1_0.registration_no,fc1_0.user_id from fleet_companies fc1_0 where fc1_0.user_id=?
Hibernate: select t1_0.id,t1_0.capacity_ton,t1_0.fleet_company_id,t1_0.status,t1_0.truck_no,t1_0.truck_type from trucks t1_0 where t1_0.fleet_company_id=?
Hibernate: select d1_0.id,d1_0.fleet_company_id,d1_0.full_name,d1_0.license_no,d1_0.phone,d1_0.status,d1_0.user_id from drivers d1_0 where d1_0.user_id=?
Hibernate: select t1_0.id,t1_0.driver_id,t1_0.end_time,t1_0.shipment_id,t1_0.start_time,t1_0.status,t1_0.truck_id from trips t1_0 where t1_0.driver_id=? order by t1_0.start_time desc
Hibernate: select d1_0.id,d1_0.fleet_company_id,d1_0.full_name,d1_0.license_no,d1_0.phone,d1_0.status,d1_0.user_id from drivers d1_0 where d1_0.user_id=?
Hibernate: select t1_0.id,t1_0.driver_id,t1_0.end_time,t1_0.shipment_id,t1_0.start_time,t1_0.status,t1_0.truck_id from trips t1_0 where t1_0.driver_id=? order by t1_0.start_time desc
Hibernate: select d1_0.id,d1_0.fleet_company_id,d1_0.full_name,d1_0.license_no,d1_0.phone,d1_0.status,d1_0.user_id from drivers d1_0 where d1_0.user_id=?
Hibernate: select t1_0.id,t1_0.driver_id,t1_0.end_time,t1_0.shipment_id,t1_0.start_time,t1_0.status,t1_0.truck_id from trips t1_0 where t1_0.driver_id=? order by t1_0.start_time desc
Hibernate: select fc1_0.id,fc1_0.address,fc1_0.company_name,fc1_0.contact_phone,fc1_0.created_at,fc1_0.registration_no,fc1_0.user_id from fleet_companies fc1_0 where fc1_0.user_id=?
Hibernate: select fc1_0.id,fc1_0.address,fc1_0.company_name,fc1_0.contact_phone,fc1_0.created_at,fc1_0.registration_no,fc1_0.user_id from fleet_companies fc1_0 where fc1_0.user_id=?
Hibernate: select t1_0.id,t1_0.capacity_ton,t1_0.fleet_company_id,t1_0.status,t1_0.truck_no,t1_0.truck_type from trucks t1_0 where t1_0.fleet_company_id=?
Hibernate: select t1_0.id,t1_0.capacity_ton,t1_0.fleet_company_id,t1_0.status,t1_0.truck_no,t1_0.truck_type from trucks t1_0 where t1_0.fleet_company_id=?
Hibernate: select fc1_0.id,fc1_0.address,fc1_0.company_name,fc1_0.contact_phone,fc1_0.created_at,fc1_0.registration_no,fc1_0.user_id from fleet_companies fc1_0 where fc1_0.user_id=?
Hibernate: select t1_0.id,t1_0.capacity_ton,t1_0.fleet_company_id,t1_0.status,t1_0.truck_no,t1_0.truck_type from trucks t1_0 where t1_0.fleet_company_id=?
Hibernate: select fc1_0.id,fc1_0.address,fc1_0.company_name,fc1_0.contact_phone,fc1_0.created_at,fc1_0.registration_no,fc1_0.user_id from fleet_companies fc1_0 where fc1_0.user_id=?
Hibernate: select t1_0.id,t1_0.capacity_ton,t1_0.fleet_company_id,t1_0.status,t1_0.truck_no,t1_0.truck_type from trucks t1_0 where t1_0.fleet_company_id=?
Hibernate: select fc1_0.id,fc1_0.address,fc1_0.company_name,fc1_0.contact_phone,fc1_0.created_at,fc1_0.registration_no,fc1_0.user_id from fleet_companies fc1_0 where fc1_0.user_id=?
Hibernate: select fc1_0.id,fc1_0.address,fc1_0.company_name,fc1_0.contact_phone,fc1_0.created_at,fc1_0.registration_no,fc1_0.user_id from fleet_companies fc1_0 where fc1_0.user_id=?
Hibernate: select t1_0.id,t1_0.capacity_ton,t1_0.fleet_company_id,t1_0.status,t1_0.truck_no,t1_0.truck_type from trucks t1_0 where t1_0.fleet_company_id=?
Hibernate: select t1_0.id,t1_0.capacity_ton,t1_0.fleet_company_id,t1_0.status,t1_0.truck_no,t1_0.truck_type from trucks t1_0 where t1_0.fleet_company_id=?
Hibernate: select fc1_0.id,fc1_0.address,fc1_0.company_name,fc1_0.contact_phone,fc1_0.created_at,fc1_0.registration_no,fc1_0.user_id from fleet_companies fc1_0 where fc1_0.user_id=?
Hibernate: select fc1_0.id,fc1_0.address,fc1_0.company_name,fc1_0.contact_phone,fc1_0.created_at,fc1_0.registration_no,fc1_0.user_id from fleet_companies fc1_0 where fc1_0.user_id=?
Hibernate: select t1_0.id,t1_0.capacity_ton,t1_0.fleet_company_id,t1_0.status,t1_0.truck_no,t1_0.truck_type from trucks t1_0 where t1_0.fleet_company_id=?
Hibernate: select t1_0.id,t1_0.capacity_ton,t1_0.fleet_company_id,t1_0.status,t1_0.truck_no,t1_0.truck_type from trucks t1_0 where t1_0.fleet_company_id=?
Hibernate: select fc1_0.id,fc1_0.address,fc1_0.company_name,fc1_0.contact_phone,fc1_0.created_at,fc1_0.registration_no,fc1_0.user_id from fleet_companies fc1_0 where fc1_0.user_id=?
Hibernate: select fc1_0.id,fc1_0.address,fc1_0.company_name,fc1_0.contact_phone,fc1_0.created_at,fc1_0.registration_no,fc1_0.user_id from fleet_companies fc1_0 where fc1_0.user_id=?
Hibernate: select t1_0.id,t1_0.capacity_ton,t1_0.fleet_company_id,t1_0.status,t1_0.truck_no,t1_0.truck_type from trucks t1_0 where t1_0.fleet_company_id=?
Hibernate: select t1_0.id,t1_0.capacity_ton,t1_0.fleet_company_id,t1_0.status,t1_0.truck_no,t1_0.truck_type from trucks t1_0 where t1_0.fleet_company_id=?
Hibernate: select fc1_0.id,fc1_0.address,fc1_0.company_name,fc1_0.contact_phone,fc1_0.created_at,fc1_0.registration_no,fc1_0.user_id from fleet_companies fc1_0 where fc1_0.user_id=?
Hibernate: select fc1_0.id,fc1_0.address,fc1_0.company_name,fc1_0.contact_phone,fc1_0.created_at,fc1_0.registration_no,fc1_0.user_id from fleet_companies fc1_0 where fc1_0.user_id=?
Hibernate: select t1_0.id,t1_0.capacity_ton,t1_0.fleet_company_id,t1_0.status,t1_0.truck_no,t1_0.truck_type from trucks t1_0 where t1_0.fleet_company_id=?
Hibernate: select t1_0.id,t1_0.capacity_ton,t1_0.fleet_company_id,t1_0.status,t1_0.truck_no,t1_0.truck_type from trucks t1_0 where t1_0.fleet_company_id=?
Hibernate: select t1_0.id,t1_0.driver_id,t1_0.end_time,t1_0.shipment_id,t1_0.start_time,t1_0.status,t1_0.truck_id from trips t1_0 where t1_0.shipment_id in (?)
Hibernate: select t1_0.id,t1_0.driver_id,t1_0.end_time,t1_0.shipment_id,t1_0.start_time,t1_0.status,t1_0.truck_id from trips t1_0 where t1_0.shipment_id in (?)
Hibernate: select t1_0.id,t1_0.driver_id,t1_0.end_time,t1_0.shipment_id,t1_0.start_time,t1_0.status,t1_0.truck_id from trips t1_0 where t1_0.shipment_id in (?)
Hibernate: select t1_0.id,t1_0.driver_id,t1_0.end_time,t1_0.shipment_id,t1_0.start_time,t1_0.status,t1_0.truck_id from trips t1_0 where t1_0.shipment_id in (?)
Hibernate: select t1_0.id,t1_0.driver_id,t1_0.end_time,t1_0.shipment_id,t1_0.start_time,t1_0.status,t1_0.truck_id from trips t1_0 where t1_0.id=?
Hibernate: select t1_0.id,t1_0.driver_id,t1_0.end_time,t1_0.shipment_id,t1_0.start_time,t1_0.status,t1_0.truck_id from trips t1_0 where t1_0.shipment_id in (?)
Hibernate: select fc1_0.id,fc1_0.address,fc1_0.company_name,fc1_0.contact_phone,fc1_0.created_at,fc1_0.registration_no,fc1_0.user_id from fleet_companies fc1_0 where fc1_0.user_id=?
Hibernate: select fc1_0.id,fc1_0.address,fc1_0.company_name,fc1_0.contact_phone,fc1_0.created_at,fc1_0.registration_no,fc1_0.user_id from fleet_companies fc1_0 where fc1_0.user_id=?
Hibernate: select t1_0.id,t1_0.capacity_ton,t1_0.fleet_company_id,t1_0.status,t1_0.truck_no,t1_0.truck_type from trucks t1_0 where t1_0.fleet_company_id=?
Hibernate: select t1_0.id,t1_0.capacity_ton,t1_0.fleet_company_id,t1_0.status,t1_0.truck_no,t1_0.truck_type from trucks t1_0 where t1_0.fleet_company_id=?
Hibernate: select d1_0.id,d1_0.fleet_company_id,d1_0.full_name,d1_0.license_no,d1_0.phone,d1_0.status,d1_0.user_id from drivers d1_0 where d1_0.user_id=?
Hibernate: select t1_0.id,t1_0.driver_id,t1_0.end_time,t1_0.shipment_id,t1_0.start_time,t1_0.status,t1_0.truck_id from trips t1_0 where t1_0.driver_id=? order by t1_0.start_time desc
Hibernate: select d1_0.id,d1_0.fleet_company_id,d1_0.full_name,d1_0.license_no,d1_0.phone,d1_0.status,d1_0.user_id from drivers d1_0 where d1_0.user_id=?
Hibernate: select t1_0.id,t1_0.driver_id,t1_0.end_time,t1_0.shipment_id,t1_0.start_time,t1_0.status,t1_0.truck_id from trips t1_0 where t1_0.driver_id=? order by t1_0.start_time desc
Hibernate: select fc1_0.id,fc1_0.address,fc1_0.company_name,fc1_0.contact_phone,fc1_0.created_at,fc1_0.registration_no,fc1_0.user_id from fleet_companies fc1_0 where fc1_0.user_id=?
Hibernate: select fc1_0.id,fc1_0.address,fc1_0.company_name,fc1_0.contact_phone,fc1_0.created_at,fc1_0.registration_no,fc1_0.user_id from fleet_companies fc1_0 where fc1_0.user_id=?
Hibernate: select t1_0.id,t1_0.capacity_ton,t1_0.fleet_company_id,t1_0.status,t1_0.truck_no,t1_0.truck_type from trucks t1_0 where t1_0.fleet_company_id=?
Hibernate: select t1_0.id,t1_0.capacity_ton,t1_0.fleet_company_id,t1_0.status,t1_0.truck_no,t1_0.truck_type from trucks t1_0 where t1_0.fleet_company_id=?
Hibernate: select fc1_0.id,fc1_0.address,fc1_0.company_name,fc1_0.contact_phone,fc1_0.created_at,fc1_0.registration_no,fc1_0.user_id from fleet_companies fc1_0 where fc1_0.user_id=?
Hibernate: select t1_0.id,t1_0.capacity_ton,t1_0.fleet_company_id,t1_0.status,t1_0.truck_no,t1_0.truck_type from trucks t1_0 where t1_0.fleet_company_id=?
Hibernate: select fc1_0.id,fc1_0.address,fc1_0.company_name,fc1_0.contact_phone,fc1_0.created_at,fc1_0.registration_no,fc1_0.user_id from fleet_companies fc1_0 where fc1_0.user_id=?
Hibernate: select t1_0.id,t1_0.capacity_ton,t1_0.fleet_company_id,t1_0.status,t1_0.truck_no,t1_0.truck_type from trucks t1_0 where t1_0.fleet_company_id=?
Hibernate: select fc1_0.id,fc1_0.address,fc1_0.company_name,fc1_0.contact_phone,fc1_0.created_at,fc1_0.registration_no,fc1_0.user_id from fleet_companies fc1_0 where fc1_0.user_id=?
Hibernate: select fc1_0.id,fc1_0.address,fc1_0.company_name,fc1_0.contact_phone,fc1_0.created_at,fc1_0.registration_no,fc1_0.user_id from fleet_companies fc1_0 where fc1_0.user_id=?
Hibernate: select t1_0.id,t1_0.capacity_ton,t1_0.fleet_company_id,t1_0.status,t1_0.truck_no,t1_0.truck_type from trucks t1_0 where t1_0.fleet_company_id=?
Hibernate: select t1_0.id,t1_0.capacity_ton,t1_0.fleet_company_id,t1_0.status,t1_0.truck_no,t1_0.truck_type from trucks t1_0 where t1_0.fleet_company_id=?
Hibernate: select fc1_0.id,fc1_0.address,fc1_0.company_name,fc1_0.contact_phone,fc1_0.created_at,fc1_0.registration_no,fc1_0.user_id from fleet_companies fc1_0 where fc1_0.user_id=?
Hibernate: select fc1_0.id,fc1_0.address,fc1_0.company_name,fc1_0.contact_phone,fc1_0.created_at,fc1_0.registration_no,fc1_0.user_id from fleet_companies fc1_0 where fc1_0.user_id=?
Hibernate: select t1_0.id,t1_0.capacity_ton,t1_0.fleet_company_id,t1_0.status,t1_0.truck_no,t1_0.truck_type from trucks t1_0 where t1_0.fleet_company_id=?
Hibernate: select t1_0.id,t1_0.capacity_ton,t1_0.fleet_company_id,t1_0.status,t1_0.truck_no,t1_0.truck_type from trucks t1_0 where t1_0.fleet_company_id=?
Hibernate: select fc1_0.id,fc1_0.address,fc1_0.company_name,fc1_0.contact_phone,fc1_0.created_at,fc1_0.registration_no,fc1_0.user_id from fleet_companies fc1_0 where fc1_0.user_id=?
Hibernate: select fc1_0.id,fc1_0.address,fc1_0.company_name,fc1_0.contact_phone,fc1_0.created_at,fc1_0.registration_no,fc1_0.user_id from fleet_companies fc1_0 where fc1_0.user_id=?
Hibernate: select t1_0.id,t1_0.capacity_ton,t1_0.fleet_company_id,t1_0.status,t1_0.truck_no,t1_0.truck_type from trucks t1_0 where t1_0.fleet_company_id=?
Hibernate: select t1_0.id,t1_0.capacity_ton,t1_0.fleet_company_id,t1_0.status,t1_0.truck_no,t1_0.truck_type from trucks t1_0 where t1_0.fleet_company_id=?
Hibernate: select fc1_0.id,fc1_0.address,fc1_0.company_name,fc1_0.contact_phone,fc1_0.created_at,fc1_0.registration_no,fc1_0.user_id from fleet_companies fc1_0 where fc1_0.user_id=?
Hibernate: select t1_0.id,t1_0.capacity_ton,t1_0.fleet_company_id,t1_0.status,t1_0.truck_no,t1_0.truck_type from trucks t1_0 where t1_0.fleet_company_id=?
Hibernate: select fc1_0.id,fc1_0.address,fc1_0.company_name,fc1_0.contact_phone,fc1_0.created_at,fc1_0.registration_no,fc1_0.user_id from fleet_companies fc1_0 where fc1_0.user_id=?
Hibernate: select t1_0.id,t1_0.capacity_ton,t1_0.fleet_company_id,t1_0.status,t1_0.truck_no,t1_0.truck_type from trucks t1_0 where t1_0.fleet_company_id=?
Hibernate: select fc1_0.id,fc1_0.address,fc1_0.company_name,fc1_0.contact_phone,fc1_0.created_at,fc1_0.registration_no,fc1_0.user_id from fleet_companies fc1_0 where fc1_0.user_id=?
Hibernate: select t1_0.id,t1_0.capacity_ton,t1_0.fleet_company_id,t1_0.status,t1_0.truck_no,t1_0.truck_type from trucks t1_0 where t1_0.fleet_company_id=?
Hibernate: select count(t1_0.id) from trips t1_0 where t1_0.truck_id in (?)
Hibernate: select sum(ta1_0.available_capacity_ton) from truck_availability ta1_0 where ta1_0.truck_id in (?) and ta1_0.status=?
Hibernate: select fc1_0.id,fc1_0.address,fc1_0.company_name,fc1_0.contact_phone,fc1_0.created_at,fc1_0.registration_no,fc1_0.user_id from fleet_companies fc1_0 where fc1_0.user_id=?
Hibernate: select t1_0.id,t1_0.capacity_ton,t1_0.fleet_company_id,t1_0.status,t1_0.truck_no,t1_0.truck_type from trucks t1_0 where t1_0.fleet_company_id=?
Hibernate: select fc1_0.id,fc1_0.address,fc1_0.company_name,fc1_0.contact_phone,fc1_0.created_at,fc1_0.registration_no,fc1_0.user_id from fleet_companies fc1_0 where fc1_0.user_id=?
Hibernate: select count(t1_0.id) from trips t1_0 where t1_0.truck_id in (?)
Hibernate: select sum(ta1_0.available_capacity_ton) from truck_availability ta1_0 where ta1_0.truck_id in (?) and ta1_0.status=?
Hibernate: select fc1_0.id,fc1_0.address,fc1_0.company_name,fc1_0.contact_phone,fc1_0.created_at,fc1_0.registration_no,fc1_0.user_id from fleet_companies fc1_0 where fc1_0.user_id=?
Hibernate: select fc1_0.id,fc1_0.address,fc1_0.company_name,fc1_0.contact_phone,fc1_0.created_at,fc1_0.registration_no,fc1_0.user_id from fleet_companies fc1_0 where fc1_0.user_id=?
Hibernate: select t1_0.id,t1_0.capacity_ton,t1_0.fleet_company_id,t1_0.status,t1_0.truck_no,t1_0.truck_type from trucks t1_0 where t1_0.fleet_company_id=?
Hibernate: select fc1_0.id,fc1_0.address,fc1_0.company_name,fc1_0.contact_phone,fc1_0.created_at,fc1_0.registration_no,fc1_0.user_id from fleet_companies fc1_0 where fc1_0.user_id=?
Hibernate: select t1_0.id,t1_0.capacity_ton,t1_0.fleet_company_id,t1_0.status,t1_0.truck_no,t1_0.truck_type from trucks t1_0 where t1_0.fleet_company_id=?
Hibernate: select fc1_0.id,fc1_0.address,fc1_0.company_name,fc1_0.contact_phone,fc1_0.created_at,fc1_0.registration_no,fc1_0.user_id from fleet_companies fc1_0 where fc1_0.user_id=?
Hibernate: select t1_0.id,t1_0.capacity_ton,t1_0.fleet_company_id,t1_0.status,t1_0.truck_no,t1_0.truck_type from trucks t1_0 where t1_0.fleet_company_id=?
Hibernate: select fc1_0.id,fc1_0.address,fc1_0.company_name,fc1_0.contact_phone,fc1_0.created_at,fc1_0.registration_no,fc1_0.user_id from fleet_companies fc1_0 where fc1_0.user_id=?
Hibernate: select t1_0.id,t1_0.capacity_ton,t1_0.fleet_company_id,t1_0.status,t1_0.truck_no,t1_0.truck_type from trucks t1_0 where t1_0.fleet_company_id=?
Hibernate: select fc1_0.id,fc1_0.address,fc1_0.company_name,fc1_0.contact_phone,fc1_0.created_at,fc1_0.registration_no,fc1_0.user_id from fleet_companies fc1_0 where fc1_0.user_id=?
Hibernate: select fc1_0.id,fc1_0.address,fc1_0.company_name,fc1_0.contact_phone,fc1_0.created_at,fc1_0.registration_no,fc1_0.user_id from fleet_companies fc1_0 where fc1_0.user_id=?
Hibernate: select t1_0.id,t1_0.capacity_ton,t1_0.fleet_company_id,t1_0.status,t1_0.truck_no,t1_0.truck_type from trucks t1_0 where t1_0.fleet_company_id=?
Hibernate: select t1_0.id,t1_0.capacity_ton,t1_0.fleet_company_id,t1_0.status,t1_0.truck_no,t1_0.truck_type from trucks t1_0 where t1_0.fleet_company_id=?
Hibernate: select fc1_0.id,fc1_0.address,fc1_0.company_name,fc1_0.contact_phone,fc1_0.created_at,fc1_0.registration_no,fc1_0.user_id from fleet_companies fc1_0 where fc1_0.user_id=?
Hibernate: select t1_0.id,t1_0.capacity_ton,t1_0.fleet_company_id,t1_0.status,t1_0.truck_no,t1_0.truck_type from trucks t1_0 where t1_0.fleet_company_id=?
Hibernate: select fc1_0.id,fc1_0.address,fc1_0.company_name,fc1_0.contact_phone,fc1_0.created_at,fc1_0.registration_no,fc1_0.user_id from fleet_companies fc1_0 where fc1_0.user_id=?
Hibernate: select t1_0.id,t1_0.capacity_ton,t1_0.fleet_company_id,t1_0.status,t1_0.truck_no,t1_0.truck_type from trucks t1_0 where t1_0.fleet_company_id=?
2026-08-01T05:16:04.194+05:30  INFO 38740 --- [FLEET-SERVICE] [rap-executor-%d] c.n.d.s.r.aws.ConfigClusterResolver      : Resolving eureka endpoints via configuration
Hibernate: select fc1_0.id,fc1_0.address,fc1_0.company_name,fc1_0.contact_phone,fc1_0.created_at,fc1_0.registration_no,fc1_0.user_id from fleet_companies fc1_0 where fc1_0.user_id=?
Hibernate: select t1_0.id,t1_0.capacity_ton,t1_0.fleet_company_id,t1_0.status,t1_0.truck_no,t1_0.truck_type from trucks t1_0 where t1_0.fleet_company_id=?
Hibernate: select d1_0.id,d1_0.fleet_company_id,d1_0.full_name,d1_0.license_no,d1_0.phone,d1_0.status,d1_0.user_id from drivers d1_0 where d1_0.fleet_company_id=? and d1_0.status=?
Hibernate: select t1_0.id,t1_0.driver_id,t1_0.end_time,t1_0.shipment_id,t1_0.start_time,t1_0.status,t1_0.truck_id from trips t1_0 where t1_0.truck_id in (?) order by t1_0.start_time desc
Hibernate: select fc1_0.id,fc1_0.address,fc1_0.company_name,fc1_0.contact_phone,fc1_0.created_at,fc1_0.registration_no,fc1_0.user_id from fleet_companies fc1_0 where fc1_0.user_id=?
Hibernate: select t1_0.id,t1_0.capacity_ton,t1_0.fleet_company_id,t1_0.status,t1_0.truck_no,t1_0.truck_type from trucks t1_0 where t1_0.fleet_company_id=?
Hibernate: select d1_0.id,d1_0.fleet_company_id,d1_0.full_name,d1_0.license_no,d1_0.phone,d1_0.status,d1_0.user_id from drivers d1_0 where d1_0.fleet_company_id=? and d1_0.status=?
Hibernate: select t1_0.id,t1_0.driver_id,t1_0.end_time,t1_0.shipment_id,t1_0.start_time,t1_0.status,t1_0.truck_id from trips t1_0 where t1_0.truck_id in (?) order by t1_0.start_time desc
Hibernate: select fc1_0.id,fc1_0.address,fc1_0.company_name,fc1_0.contact_phone,fc1_0.created_at,fc1_0.registration_no,fc1_0.user_id from fleet_companies fc1_0 where fc1_0.user_id=?
Hibernate: select fc1_0.id,fc1_0.address,fc1_0.company_name,fc1_0.contact_phone,fc1_0.created_at,fc1_0.registration_no,fc1_0.user_id from fleet_companies fc1_0 where fc1_0.user_id=?
Hibernate: select t1_0.id,t1_0.capacity_ton,t1_0.fleet_company_id,t1_0.status,t1_0.truck_no,t1_0.truck_type from trucks t1_0 where t1_0.fleet_company_id=?
Hibernate: select t1_0.id,t1_0.capacity_ton,t1_0.fleet_company_id,t1_0.status,t1_0.truck_no,t1_0.truck_type from trucks t1_0 where t1_0.fleet_company_id=?
Hibernate: select fc1_0.id,fc1_0.address,fc1_0.company_name,fc1_0.contact_phone,fc1_0.created_at,fc1_0.registration_no,fc1_0.user_id from fleet_companies fc1_0 where fc1_0.user_id=?
Hibernate: select t1_0.id,t1_0.capacity_ton,t1_0.fleet_company_id,t1_0.status,t1_0.truck_no,t1_0.truck_type from trucks t1_0 where t1_0.fleet_company_id=?
Hibernate: select fc1_0.id,fc1_0.address,fc1_0.company_name,fc1_0.contact_phone,fc1_0.created_at,fc1_0.registration_no,fc1_0.user_id from fleet_companies fc1_0 where fc1_0.user_id=?
Hibernate: select t1_0.id,t1_0.capacity_ton,t1_0.fleet_company_id,t1_0.status,t1_0.truck_no,t1_0.truck_type from trucks t1_0 where t1_0.fleet_company_id=?
Hibernate: select fc1_0.id,fc1_0.address,fc1_0.company_name,fc1_0.contact_phone,fc1_0.created_at,fc1_0.registration_no,fc1_0.user_id from fleet_companies fc1_0 where fc1_0.user_id=?
Hibernate: select d1_0.id,d1_0.fleet_company_id,d1_0.full_name,d1_0.license_no,d1_0.phone,d1_0.status,d1_0.user_id from drivers d1_0 where d1_0.fleet_company_id=?
Hibernate: select fc1_0.id,fc1_0.address,fc1_0.company_name,fc1_0.contact_phone,fc1_0.created_at,fc1_0.registration_no,fc1_0.user_id from fleet_companies fc1_0 where fc1_0.user_id=?
Hibernate: select d1_0.id,d1_0.fleet_company_id,d1_0.full_name,d1_0.license_no,d1_0.phone,d1_0.status,d1_0.user_id from drivers d1_0 where d1_0.fleet_company_id=?
Hibernate: select fc1_0.id,fc1_0.address,fc1_0.company_name,fc1_0.contact_phone,fc1_0.created_at,fc1_0.registration_no,fc1_0.user_id from fleet_companies fc1_0 where fc1_0.user_id=?
Hibernate: select fc1_0.id,fc1_0.address,fc1_0.company_name,fc1_0.contact_phone,fc1_0.created_at,fc1_0.registration_no,fc1_0.user_id from fleet_companies fc1_0 where fc1_0.user_id=?
Hibernate: select d1_0.id,d1_0.fleet_company_id,d1_0.full_name,d1_0.license_no,d1_0.phone,d1_0.status,d1_0.user_id from drivers d1_0 where d1_0.fleet_company_id=? and d1_0.status=?
Hibernate: select t1_0.id,t1_0.capacity_ton,t1_0.fleet_company_id,t1_0.status,t1_0.truck_no,t1_0.truck_type from trucks t1_0 where t1_0.fleet_company_id=?
Hibernate: select t1_0.id,t1_0.driver_id,t1_0.end_time,t1_0.shipment_id,t1_0.start_time,t1_0.status,t1_0.truck_id from trips t1_0 where t1_0.truck_id in (?) order by t1_0.start_time desc
Hibernate: select fc1_0.id,fc1_0.address,fc1_0.company_name,fc1_0.contact_phone,fc1_0.created_at,fc1_0.registration_no,fc1_0.user_id from fleet_companies fc1_0 where fc1_0.user_id=?
Hibernate: select d1_0.id,d1_0.fleet_company_id,d1_0.full_name,d1_0.license_no,d1_0.phone,d1_0.status,d1_0.user_id from drivers d1_0 where d1_0.fleet_company_id=? and d1_0.status=?
Hibernate: select fc1_0.id,fc1_0.address,fc1_0.company_name,fc1_0.contact_phone,fc1_0.created_at,fc1_0.registration_no,fc1_0.user_id from fleet_companies fc1_0 where fc1_0.user_id=?
Hibernate: select t1_0.id,t1_0.capacity_ton,t1_0.fleet_company_id,t1_0.status,t1_0.truck_no,t1_0.truck_type from trucks t1_0 where t1_0.fleet_company_id=?
Hibernate: select t1_0.id,t1_0.driver_id,t1_0.end_time,t1_0.shipment_id,t1_0.start_time,t1_0.status,t1_0.truck_id from trips t1_0 where t1_0.truck_id in (?) order by t1_0.start_time desc
Hibernate: select fc1_0.id,fc1_0.address,fc1_0.company_name,fc1_0.contact_phone,fc1_0.created_at,fc1_0.registration_no,fc1_0.user_id from fleet_companies fc1_0 where fc1_0.user_id=?
Hibernate: select t1_0.id,t1_0.capacity_ton,t1_0.fleet_company_id,t1_0.status,t1_0.truck_no,t1_0.truck_type from trucks t1_0 where t1_0.fleet_company_id=?
Hibernate: select ta1_0.id,ta1_0.available_capacity_ton,ta1_0.available_from,ta1_0.route_from,ta1_0.route_to,ta1_0.status,ta1_0.trip_type,ta1_0.truck_id from truck_availability ta1_0 where ta1_0.truck_id in (?) order by ta1_0.available_from desc
Hibernate: select fc1_0.id,fc1_0.address,fc1_0.company_name,fc1_0.contact_phone,fc1_0.created_at,fc1_0.registration_no,fc1_0.user_id from fleet_companies fc1_0 where fc1_0.user_id=?
Hibernate: select t1_0.id,t1_0.capacity_ton,t1_0.fleet_company_id,t1_0.status,t1_0.truck_no,t1_0.truck_type from trucks t1_0 where t1_0.fleet_company_id=?
Hibernate: select ta1_0.id,ta1_0.available_capacity_ton,ta1_0.available_from,ta1_0.route_from,ta1_0.route_to,ta1_0.status,ta1_0.trip_type,ta1_0.truck_id from truck_availability ta1_0 where ta1_0.truck_id in (?) order by ta1_0.available_from desc
Hibernate: select fc1_0.id,fc1_0.address,fc1_0.company_name,fc1_0.contact_phone,fc1_0.created_at,fc1_0.registration_no,fc1_0.user_id from fleet_companies fc1_0 where fc1_0.user_id=?
Hibernate: select fc1_0.id,fc1_0.address,fc1_0.company_name,fc1_0.contact_phone,fc1_0.created_at,fc1_0.registration_no,fc1_0.user_id from fleet_companies fc1_0 where fc1_0.user_id=?
Hibernate: select fc1_0.id,fc1_0.address,fc1_0.company_name,fc1_0.contact_phone,fc1_0.created_at,fc1_0.registration_no,fc1_0.user_id from fleet_companies fc1_0 where fc1_0.user_id=?
Hibernate: select fc1_0.id,fc1_0.address,fc1_0.company_name,fc1_0.contact_phone,fc1_0.created_at,fc1_0.registration_no,fc1_0.user_id from fleet_companies fc1_0 where fc1_0.user_id=?
Hibernate: select fc1_0.id,fc1_0.address,fc1_0.company_name,fc1_0.contact_phone,fc1_0.created_at,fc1_0.registration_no,fc1_0.user_id from fleet_companies fc1_0 where fc1_0.user_id=?
Hibernate: select fc1_0.id,fc1_0.address,fc1_0.company_name,fc1_0.contact_phone,fc1_0.created_at,fc1_0.registration_no,fc1_0.user_id from fleet_companies fc1_0 where fc1_0.user_id=?
Hibernate: select fc1_0.id,fc1_0.address,fc1_0.company_name,fc1_0.contact_phone,fc1_0.created_at,fc1_0.registration_no,fc1_0.user_id from fleet_companies fc1_0 where fc1_0.user_id=?
Hibernate: select t1_0.id,t1_0.capacity_ton,t1_0.fleet_company_id,t1_0.status,t1_0.truck_no,t1_0.truck_type from trucks t1_0 where t1_0.fleet_company_id=?
Hibernate: select fc1_0.id,fc1_0.address,fc1_0.company_name,fc1_0.contact_phone,fc1_0.created_at,fc1_0.registration_no,fc1_0.user_id from fleet_companies fc1_0 where fc1_0.user_id=?
Hibernate: select count(t1_0.id) from trips t1_0 where t1_0.truck_id in (?)
Hibernate: select sum(ta1_0.available_capacity_ton) from truck_availability ta1_0 where ta1_0.truck_id in (?) and ta1_0.status=?
Hibernate: select fc1_0.id,fc1_0.address,fc1_0.company_name,fc1_0.contact_phone,fc1_0.created_at,fc1_0.registration_no,fc1_0.user_id from fleet_companies fc1_0 where fc1_0.user_id=?
Hibernate: select t1_0.id,t1_0.capacity_ton,t1_0.fleet_company_id,t1_0.status,t1_0.truck_no,t1_0.truck_type from trucks t1_0 where t1_0.fleet_company_id=?
Hibernate: select count(t1_0.id) from trips t1_0 where t1_0.truck_id in (?)
Hibernate: select sum(ta1_0.available_capacity_ton) from truck_availability ta1_0 where ta1_0.truck_id in (?) and ta1_0.status=?
Hibernate: select fc1_0.id,fc1_0.address,fc1_0.company_name,fc1_0.contact_phone,fc1_0.created_at,fc1_0.registration_no,fc1_0.user_id from fleet_companies fc1_0 where fc1_0.user_id=?
Hibernate: select fc1_0.id,fc1_0.address,fc1_0.company_name,fc1_0.contact_phone,fc1_0.created_at,fc1_0.registration_no,fc1_0.user_id from fleet_companies fc1_0 where fc1_0.user_id=?
Hibernate: select fc1_0.id,fc1_0.address,fc1_0.company_name,fc1_0.contact_phone,fc1_0.created_at,fc1_0.registration_no,fc1_0.user_id from fleet_companies fc1_0 where fc1_0.user_id=?
Hibernate: select t1_0.id,t1_0.capacity_ton,t1_0.fleet_company_id,t1_0.status,t1_0.truck_no,t1_0.truck_type from trucks t1_0 where t1_0.fleet_company_id=?
Hibernate: select t1_0.id,t1_0.capacity_ton,t1_0.fleet_company_id,t1_0.status,t1_0.truck_no,t1_0.truck_type from trucks t1_0 where t1_0.fleet_company_id=?
Hibernate: select fc1_0.id,fc1_0.address,fc1_0.company_name,fc1_0.contact_phone,fc1_0.created_at,fc1_0.registration_no,fc1_0.user_id from fleet_companies fc1_0 where fc1_0.user_id=?
Hibernate: select t1_0.id,t1_0.capacity_ton,t1_0.fleet_company_id,t1_0.status,t1_0.truck_no,t1_0.truck_type from trucks t1_0 where t1_0.fleet_company_id=?
Hibernate: select fc1_0.id,fc1_0.address,fc1_0.company_name,fc1_0.contact_phone,fc1_0.created_at,fc1_0.registration_no,fc1_0.user_id from fleet_companies fc1_0 where fc1_0.user_id=?
Hibernate: select t1_0.id,t1_0.capacity_ton,t1_0.fleet_company_id,t1_0.status,t1_0.truck_no,t1_0.truck_type from trucks t1_0 where t1_0.fleet_company_id=?
Hibernate: select fc1_0.id,fc1_0.address,fc1_0.company_name,fc1_0.contact_phone,fc1_0.created_at,fc1_0.registration_no,fc1_0.user_id from fleet_companies fc1_0 where fc1_0.user_id=?
Hibernate: select fc1_0.id,fc1_0.address,fc1_0.company_name,fc1_0.contact_phone,fc1_0.created_at,fc1_0.registration_no,fc1_0.user_id from fleet_companies fc1_0 where fc1_0.user_id=?
Hibernate: select t1_0.id,t1_0.capacity_ton,t1_0.fleet_company_id,t1_0.status,t1_0.truck_no,t1_0.truck_type from trucks t1_0 where t1_0.fleet_company_id=?
Hibernate: select t1_0.id,t1_0.capacity_ton,t1_0.fleet_company_id,t1_0.status,t1_0.truck_no,t1_0.truck_type from trucks t1_0 where t1_0.fleet_company_id=?
Hibernate: select fc1_0.id,fc1_0.address,fc1_0.company_name,fc1_0.contact_phone,fc1_0.created_at,fc1_0.registration_no,fc1_0.user_id from fleet_companies fc1_0 where fc1_0.user_id=?
Hibernate: select fc1_0.id,fc1_0.address,fc1_0.company_name,fc1_0.contact_phone,fc1_0.created_at,fc1_0.registration_no,fc1_0.user_id from fleet_companies fc1_0 where fc1_0.user_id=?
Hibernate: select t1_0.id,t1_0.capacity_ton,t1_0.fleet_company_id,t1_0.status,t1_0.truck_no,t1_0.truck_type from trucks t1_0 where t1_0.fleet_company_id=?
Hibernate: select t1_0.id,t1_0.capacity_ton,t1_0.fleet_company_id,t1_0.status,t1_0.truck_no,t1_0.truck_type from trucks t1_0 where t1_0.fleet_company_id=?
Hibernate: select fc1_0.id,fc1_0.address,fc1_0.company_name,fc1_0.contact_phone,fc1_0.created_at,fc1_0.registration_no,fc1_0.user_id from fleet_companies fc1_0 where fc1_0.user_id=?
Hibernate: select t1_0.id,t1_0.driver_id,t1_0.end_time,t1_0.shipment_id,t1_0.start_time,t1_0.status,t1_0.truck_id from trips t1_0 where t1_0.shipment_id in (?)
Hibernate: select fc1_0.id,fc1_0.address,fc1_0.company_name,fc1_0.contact_phone,fc1_0.created_at,fc1_0.registration_no,fc1_0.user_id from fleet_companies fc1_0 where fc1_0.user_id=?
Hibernate: select t1_0.id,t1_0.driver_id,t1_0.end_time,t1_0.shipment_id,t1_0.start_time,t1_0.status,t1_0.truck_id from trips t1_0 where t1_0.shipment_id in (?)
Hibernate: select fc1_0.id,fc1_0.address,fc1_0.company_name,fc1_0.contact_phone,fc1_0.created_at,fc1_0.registration_no,fc1_0.user_id from fleet_companies fc1_0 where fc1_0.user_id=?
Hibernate: select t1_0.id,t1_0.driver_id,t1_0.end_time,t1_0.shipment_id,t1_0.start_time,t1_0.status,t1_0.truck_id from trips t1_0 where t1_0.shipment_id in (?)
Hibernate: select fc1_0.id,fc1_0.address,fc1_0.company_name,fc1_0.contact_phone,fc1_0.created_at,fc1_0.registration_no,fc1_0.user_id from fleet_companies fc1_0 where fc1_0.user_id=?
Hibernate: select t1_0.id,t1_0.driver_id,t1_0.end_time,t1_0.shipment_id,t1_0.start_time,t1_0.status,t1_0.truck_id from trips t1_0 where t1_0.shipment_id in (?)
Hibernate: select fc1_0.id,fc1_0.address,fc1_0.company_name,fc1_0.contact_phone,fc1_0.created_at,fc1_0.registration_no,fc1_0.user_id from fleet_companies fc1_0 where fc1_0.user_id=?
Hibernate: select t1_0.id,t1_0.driver_id,t1_0.end_time,t1_0.shipment_id,t1_0.start_time,t1_0.status,t1_0.truck_id from trips t1_0 where t1_0.shipment_id in (?)
Hibernate: select fc1_0.id,fc1_0.address,fc1_0.company_name,fc1_0.contact_phone,fc1_0.created_at,fc1_0.registration_no,fc1_0.user_id from fleet_companies fc1_0 where fc1_0.user_id=?
Hibernate: select t1_0.id,t1_0.driver_id,t1_0.end_time,t1_0.shipment_id,t1_0.start_time,t1_0.status,t1_0.truck_id from trips t1_0 where t1_0.shipment_id in (?)
Hibernate: select fc1_0.id,fc1_0.address,fc1_0.company_name,fc1_0.contact_phone,fc1_0.created_at,fc1_0.registration_no,fc1_0.user_id from fleet_companies fc1_0 where fc1_0.user_id=?
Hibernate: select t1_0.id,t1_0.driver_id,t1_0.end_time,t1_0.shipment_id,t1_0.start_time,t1_0.status,t1_0.truck_id from trips t1_0 where t1_0.shipment_id in (?)
Hibernate: select fc1_0.id,fc1_0.address,fc1_0.company_name,fc1_0.contact_phone,fc1_0.created_at,fc1_0.registration_no,fc1_0.user_id from fleet_companies fc1_0 where fc1_0.user_id=?
Hibernate: select t1_0.id,t1_0.driver_id,t1_0.end_time,t1_0.shipment_id,t1_0.start_time,t1_0.status,t1_0.truck_id from trips t1_0 where t1_0.shipment_id in (?)
Hibernate: select fc1_0.id,fc1_0.address,fc1_0.company_name,fc1_0.contact_phone,fc1_0.created_at,fc1_0.registration_no,fc1_0.user_id from fleet_companies fc1_0 where fc1_0.user_id=?
Hibernate: select t1_0.id,t1_0.driver_id,t1_0.end_time,t1_0.shipment_id,t1_0.start_time,t1_0.status,t1_0.truck_id from trips t1_0 where t1_0.shipment_id in (?)
Hibernate: select fc1_0.id,fc1_0.address,fc1_0.company_name,fc1_0.contact_phone,fc1_0.created_at,fc1_0.registration_no,fc1_0.user_id from fleet_companies fc1_0 where fc1_0.user_id=?
Hibernate: select t1_0.id,t1_0.driver_id,t1_0.end_time,t1_0.shipment_id,t1_0.start_time,t1_0.status,t1_0.truck_id from trips t1_0 where t1_0.shipment_id in (?)
Hibernate: select fc1_0.id,fc1_0.address,fc1_0.company_name,fc1_0.contact_phone,fc1_0.created_at,fc1_0.registration_no,fc1_0.user_id from fleet_companies fc1_0 where fc1_0.user_id=?
Hibernate: select t1_0.id,t1_0.driver_id,t1_0.end_time,t1_0.shipment_id,t1_0.start_time,t1_0.status,t1_0.truck_id from trips t1_0 where t1_0.shipment_id in (?)
Hibernate: select fc1_0.id,fc1_0.address,fc1_0.company_name,fc1_0.contact_phone,fc1_0.created_at,fc1_0.registration_no,fc1_0.user_id from fleet_companies fc1_0 where fc1_0.user_id=?
Hibernate: select t1_0.id,t1_0.driver_id,t1_0.end_time,t1_0.shipment_id,t1_0.start_time,t1_0.status,t1_0.truck_id from trips t1_0 where t1_0.shipment_id in (?)
Hibernate: select fc1_0.id,fc1_0.address,fc1_0.company_name,fc1_0.contact_phone,fc1_0.created_at,fc1_0.registration_no,fc1_0.user_id from fleet_companies fc1_0 where fc1_0.user_id=?
Hibernate: select t1_0.id,t1_0.driver_id,t1_0.end_time,t1_0.shipment_id,t1_0.start_time,t1_0.status,t1_0.truck_id from trips t1_0 where t1_0.shipment_id in (?)
Hibernate: select fc1_0.id,fc1_0.address,fc1_0.company_name,fc1_0.contact_phone,fc1_0.created_at,fc1_0.registration_no,fc1_0.user_id from fleet_companies fc1_0 where fc1_0.user_id=?
Hibernate: select t1_0.id,t1_0.driver_id,t1_0.end_time,t1_0.shipment_id,t1_0.start_time,t1_0.status,t1_0.truck_id from trips t1_0 where t1_0.shipment_id in (?)
Hibernate: select fc1_0.id,fc1_0.address,fc1_0.company_name,fc1_0.contact_phone,fc1_0.created_at,fc1_0.registration_no,fc1_0.user_id from fleet_companies fc1_0 where fc1_0.user_id=?
Hibernate: select t1_0.id,t1_0.driver_id,t1_0.end_time,t1_0.shipment_id,t1_0.start_time,t1_0.status,t1_0.truck_id from trips t1_0 where t1_0.shipment_id in (?)
Hibernate: select fc1_0.id,fc1_0.address,fc1_0.company_name,fc1_0.contact_phone,fc1_0.created_at,fc1_0.registration_no,fc1_0.user_id from fleet_companies fc1_0 where fc1_0.user_id=?
Hibernate: select t1_0.id,t1_0.driver_id,t1_0.end_time,t1_0.shipment_id,t1_0.start_time,t1_0.status,t1_0.truck_id from trips t1_0 where t1_0.shipment_id in (?)
Hibernate: select fc1_0.id,fc1_0.address,fc1_0.company_name,fc1_0.contact_phone,fc1_0.created_at,fc1_0.registration_no,fc1_0.user_id from fleet_companies fc1_0 where fc1_0.user_id=?
Hibernate: select t1_0.id,t1_0.driver_id,t1_0.end_time,t1_0.shipment_id,t1_0.start_time,t1_0.status,t1_0.truck_id from trips t1_0 where t1_0.shipment_id in (?)
Hibernate: select fc1_0.id,fc1_0.address,fc1_0.company_name,fc1_0.contact_phone,fc1_0.created_at,fc1_0.registration_no,fc1_0.user_id from fleet_companies fc1_0 where fc1_0.user_id=?
Hibernate: select t1_0.id,t1_0.driver_id,t1_0.end_time,t1_0.shipment_id,t1_0.start_time,t1_0.status,t1_0.truck_id from trips t1_0 where t1_0.shipment_id in (?)
Hibernate: select fc1_0.id,fc1_0.address,fc1_0.company_name,fc1_0.contact_phone,fc1_0.created_at,fc1_0.registration_no,fc1_0.user_id from fleet_companies fc1_0 where fc1_0.user_id=?
Hibernate: select t1_0.id,t1_0.driver_id,t1_0.end_time,t1_0.shipment_id,t1_0.start_time,t1_0.status,t1_0.truck_id from trips t1_0 where t1_0.shipment_id in (?)
Hibernate: select fc1_0.id,fc1_0.address,fc1_0.company_name,fc1_0.contact_phone,fc1_0.created_at,fc1_0.registration_no,fc1_0.user_id from fleet_companies fc1_0 where fc1_0.user_id=?
Hibernate: select t1_0.id,t1_0.driver_id,t1_0.end_time,t1_0.shipment_id,t1_0.start_time,t1_0.status,t1_0.truck_id from trips t1_0 where t1_0.shipment_id in (?)
Hibernate: select fc1_0.id,fc1_0.address,fc1_0.company_name,fc1_0.contact_phone,fc1_0.created_at,fc1_0.registration_no,fc1_0.user_id from fleet_companies fc1_0 where fc1_0.user_id=?
Hibernate: select t1_0.id,t1_0.driver_id,t1_0.end_time,t1_0.shipment_id,t1_0.start_time,t1_0.status,t1_0.truck_id from trips t1_0 where t1_0.shipment_id in (?)
Hibernate: select fc1_0.id,fc1_0.address,fc1_0.company_name,fc1_0.contact_phone,fc1_0.created_at,fc1_0.registration_no,fc1_0.user_id from fleet_companies fc1_0 where fc1_0.user_id=?
Hibernate: select t1_0.id,t1_0.driver_id,t1_0.end_time,t1_0.shipment_id,t1_0.start_time,t1_0.status,t1_0.truck_id from trips t1_0 where t1_0.shipment_id in (?)
Hibernate: select fc1_0.id,fc1_0.address,fc1_0.company_name,fc1_0.contact_phone,fc1_0.created_at,fc1_0.registration_no,fc1_0.user_id from fleet_companies fc1_0 where fc1_0.user_id=?
Hibernate: select t1_0.id,t1_0.driver_id,t1_0.end_time,t1_0.shipment_id,t1_0.start_time,t1_0.status,t1_0.truck_id from trips t1_0 where t1_0.shipment_id in (?)
Hibernate: select fc1_0.id,fc1_0.address,fc1_0.company_name,fc1_0.contact_phone,fc1_0.created_at,fc1_0.registration_no,fc1_0.user_id from fleet_companies fc1_0 where fc1_0.user_id=?
Hibernate: select t1_0.id,t1_0.driver_id,t1_0.end_time,t1_0.shipment_id,t1_0.start_time,t1_0.status,t1_0.truck_id from trips t1_0 where t1_0.shipment_id in (?)
Hibernate: select fc1_0.id,fc1_0.address,fc1_0.company_name,fc1_0.contact_phone,fc1_0.created_at,fc1_0.registration_no,fc1_0.user_id from fleet_companies fc1_0 where fc1_0.user_id=?
Hibernate: select t1_0.id,t1_0.driver_id,t1_0.end_time,t1_0.shipment_id,t1_0.start_time,t1_0.status,t1_0.truck_id from trips t1_0 where t1_0.shipment_id in (?)
Hibernate: select fc1_0.id,fc1_0.address,fc1_0.company_name,fc1_0.contact_phone,fc1_0.created_at,fc1_0.registration_no,fc1_0.user_id from fleet_companies fc1_0 where fc1_0.user_id=?
Hibernate: select t1_0.id,t1_0.driver_id,t1_0.end_time,t1_0.shipment_id,t1_0.start_time,t1_0.status,t1_0.truck_id from trips t1_0 where t1_0.shipment_id in (?)
2026-08-01T05:21:04.197+05:30  INFO 38740 --- [FLEET-SERVICE] [rap-executor-%d] c.n.d.s.r.aws.ConfigClusterResolver      : Resolving eureka endpoints via configuration
Hibernate: select fc1_0.id,fc1_0.address,fc1_0.company_name,fc1_0.contact_phone,fc1_0.created_at,fc1_0.registration_no,fc1_0.user_id from fleet_companies fc1_0 where fc1_0.user_id=?
Hibernate: select t1_0.id,t1_0.driver_id,t1_0.end_time,t1_0.shipment_id,t1_0.start_time,t1_0.status,t1_0.truck_id from trips t1_0 where t1_0.shipment_id in (?)
Hibernate: select fc1_0.id,fc1_0.address,fc1_0.company_name,fc1_0.contact_phone,fc1_0.created_at,fc1_0.registration_no,fc1_0.user_id from fleet_companies fc1_0 where fc1_0.user_id=?
Hibernate: select t1_0.id,t1_0.driver_id,t1_0.end_time,t1_0.shipment_id,t1_0.start_time,t1_0.status,t1_0.truck_id from trips t1_0 where t1_0.shipment_id in (?)
Hibernate: select fc1_0.id,fc1_0.address,fc1_0.company_name,fc1_0.contact_phone,fc1_0.created_at,fc1_0.registration_no,fc1_0.user_id from fleet_companies fc1_0 where fc1_0.user_id=?
Hibernate: select t1_0.id,t1_0.driver_id,t1_0.end_time,t1_0.shipment_id,t1_0.start_time,t1_0.status,t1_0.truck_id from trips t1_0 where t1_0.shipment_id in (?)
Hibernate: select fc1_0.id,fc1_0.address,fc1_0.company_name,fc1_0.contact_phone,fc1_0.created_at,fc1_0.registration_no,fc1_0.user_id from fleet_companies fc1_0 where fc1_0.user_id=?
Hibernate: select t1_0.id,t1_0.driver_id,t1_0.end_time,t1_0.shipment_id,t1_0.start_time,t1_0.status,t1_0.truck_id from trips t1_0 where t1_0.shipment_id in (?)
Hibernate: select fc1_0.id,fc1_0.address,fc1_0.company_name,fc1_0.contact_phone,fc1_0.created_at,fc1_0.registration_no,fc1_0.user_id from fleet_companies fc1_0 where fc1_0.user_id=?
Hibernate: select t1_0.id,t1_0.driver_id,t1_0.end_time,t1_0.shipment_id,t1_0.start_time,t1_0.status,t1_0.truck_id from trips t1_0 where t1_0.shipment_id in (?)
Hibernate: select fc1_0.id,fc1_0.address,fc1_0.company_name,fc1_0.contact_phone,fc1_0.created_at,fc1_0.registration_no,fc1_0.user_id from fleet_companies fc1_0 where fc1_0.user_id=?
Hibernate: select t1_0.id,t1_0.driver_id,t1_0.end_time,t1_0.shipment_id,t1_0.start_time,t1_0.status,t1_0.truck_id from trips t1_0 where t1_0.shipment_id in (?)
Hibernate: select fc1_0.id,fc1_0.address,fc1_0.company_name,fc1_0.contact_phone,fc1_0.created_at,fc1_0.registration_no,fc1_0.user_id from fleet_companies fc1_0 where fc1_0.user_id=?
Hibernate: select t1_0.id,t1_0.driver_id,t1_0.end_time,t1_0.shipment_id,t1_0.start_time,t1_0.status,t1_0.truck_id from trips t1_0 where t1_0.shipment_id in (?)
Hibernate: select fc1_0.id,fc1_0.address,fc1_0.company_name,fc1_0.contact_phone,fc1_0.created_at,fc1_0.registration_no,fc1_0.user_id from fleet_companies fc1_0 where fc1_0.user_id=?
Hibernate: select t1_0.id,t1_0.driver_id,t1_0.end_time,t1_0.shipment_id,t1_0.start_time,t1_0.status,t1_0.truck_id from trips t1_0 where t1_0.shipment_id in (?)
Hibernate: select fc1_0.id,fc1_0.address,fc1_0.company_name,fc1_0.contact_phone,fc1_0.created_at,fc1_0.registration_no,fc1_0.user_id from fleet_companies fc1_0 where fc1_0.user_id=?
Hibernate: select t1_0.id,t1_0.driver_id,t1_0.end_time,t1_0.shipment_id,t1_0.start_time,t1_0.status,t1_0.truck_id from trips t1_0 where t1_0.shipment_id in (?)
Hibernate: select fc1_0.id,fc1_0.address,fc1_0.company_name,fc1_0.contact_phone,fc1_0.created_at,fc1_0.registration_no,fc1_0.user_id from fleet_companies fc1_0 where fc1_0.user_id=?
Hibernate: select t1_0.id,t1_0.driver_id,t1_0.end_time,t1_0.shipment_id,t1_0.start_time,t1_0.status,t1_0.truck_id from trips t1_0 where t1_0.shipment_id in (?)
Hibernate: select fc1_0.id,fc1_0.address,fc1_0.company_name,fc1_0.contact_phone,fc1_0.created_at,fc1_0.registration_no,fc1_0.user_id from fleet_companies fc1_0 where fc1_0.user_id=?
Hibernate: select t1_0.id,t1_0.driver_id,t1_0.end_time,t1_0.shipment_id,t1_0.start_time,t1_0.status,t1_0.truck_id from trips t1_0 where t1_0.shipment_id in (?)
Hibernate: select fc1_0.id,fc1_0.address,fc1_0.company_name,fc1_0.contact_phone,fc1_0.created_at,fc1_0.registration_no,fc1_0.user_id from fleet_companies fc1_0 where fc1_0.user_id=?
Hibernate: select t1_0.id,t1_0.driver_id,t1_0.end_time,t1_0.shipment_id,t1_0.start_time,t1_0.status,t1_0.truck_id from trips t1_0 where t1_0.shipment_id in (?)
Hibernate: select fc1_0.id,fc1_0.address,fc1_0.company_name,fc1_0.contact_phone,fc1_0.created_at,fc1_0.registration_no,fc1_0.user_id from fleet_companies fc1_0 where fc1_0.user_id=?
Hibernate: select t1_0.id,t1_0.driver_id,t1_0.end_time,t1_0.shipment_id,t1_0.start_time,t1_0.status,t1_0.truck_id from trips t1_0 where t1_0.shipment_id in (?)
Hibernate: select fc1_0.id,fc1_0.address,fc1_0.company_name,fc1_0.contact_phone,fc1_0.created_at,fc1_0.registration_no,fc1_0.user_id from fleet_companies fc1_0 where fc1_0.user_id=?
Hibernate: select t1_0.id,t1_0.driver_id,t1_0.end_time,t1_0.shipment_id,t1_0.start_time,t1_0.status,t1_0.truck_id from trips t1_0 where t1_0.shipment_id in (?)
Hibernate: select d1_0.id,d1_0.fleet_company_id,d1_0.full_name,d1_0.license_no,d1_0.phone,d1_0.status,d1_0.user_id from drivers d1_0 where d1_0.user_id=?
Hibernate: select fc1_0.id,fc1_0.address,fc1_0.company_name,fc1_0.contact_phone,fc1_0.created_at,fc1_0.registration_no,fc1_0.user_id from fleet_companies fc1_0 where fc1_0.user_id=?
Hibernate: select t1_0.id,t1_0.driver_id,t1_0.end_time,t1_0.shipment_id,t1_0.start_time,t1_0.status,t1_0.truck_id from trips t1_0 where t1_0.shipment_id in (?)
Hibernate: select fc1_0.id,fc1_0.address,fc1_0.company_name,fc1_0.contact_phone,fc1_0.created_at,fc1_0.registration_no,fc1_0.user_id from fleet_companies fc1_0 where fc1_0.user_id=?
Hibernate: select t1_0.id,t1_0.driver_id,t1_0.end_time,t1_0.shipment_id,t1_0.start_time,t1_0.status,t1_0.truck_id from trips t1_0 where t1_0.shipment_id in (?)
Hibernate: select fc1_0.id,fc1_0.address,fc1_0.company_name,fc1_0.contact_phone,fc1_0.created_at,fc1_0.registration_no,fc1_0.user_id from fleet_companies fc1_0 where fc1_0.user_id=?
Hibernate: select t1_0.id,t1_0.driver_id,t1_0.end_time,t1_0.shipment_id,t1_0.start_time,t1_0.status,t1_0.truck_id from trips t1_0 where t1_0.shipment_id in (?)
Hibernate: select d1_0.id,d1_0.fleet_company_id,d1_0.full_name,d1_0.license_no,d1_0.phone,d1_0.status,d1_0.user_id from drivers d1_0 where d1_0.user_id=?
Hibernate: select fc1_0.id,fc1_0.address,fc1_0.company_name,fc1_0.contact_phone,fc1_0.created_at,fc1_0.registration_no,fc1_0.user_id from fleet_companies fc1_0 where fc1_0.user_id=?
Hibernate: select t1_0.id,t1_0.driver_id,t1_0.end_time,t1_0.shipment_id,t1_0.start_time,t1_0.status,t1_0.truck_id from trips t1_0 where t1_0.shipment_id in (?)
Hibernate: select fc1_0.id,fc1_0.address,fc1_0.company_name,fc1_0.contact_phone,fc1_0.created_at,fc1_0.registration_no,fc1_0.user_id from fleet_companies fc1_0 where fc1_0.user_id=?
Hibernate: select fc1_0.id,fc1_0.address,fc1_0.company_name,fc1_0.contact_phone,fc1_0.created_at,fc1_0.registration_no,fc1_0.user_id from fleet_companies fc1_0 where fc1_0.user_id=?
Hibernate: select t1_0.id,t1_0.driver_id,t1_0.end_time,t1_0.shipment_id,t1_0.start_time,t1_0.status,t1_0.truck_id from trips t1_0 where t1_0.shipment_id in (?)
Hibernate: select t1_0.id,t1_0.driver_id,t1_0.end_time,t1_0.shipment_id,t1_0.start_time,t1_0.status,t1_0.truck_id from trips t1_0 where t1_0.shipment_id in (?)
Hibernate: select fc1_0.id,fc1_0.address,fc1_0.company_name,fc1_0.contact_phone,fc1_0.created_at,fc1_0.registration_no,fc1_0.user_id from fleet_companies fc1_0 where fc1_0.user_id=?
Hibernate: select t1_0.id,t1_0.capacity_ton,t1_0.fleet_company_id,t1_0.status,t1_0.truck_no,t1_0.truck_type from trucks t1_0 where t1_0.fleet_company_id=?
Hibernate: select d1_0.id,d1_0.fleet_company_id,d1_0.full_name,d1_0.license_no,d1_0.phone,d1_0.status,d1_0.user_id from drivers d1_0 where d1_0.fleet_company_id=? and d1_0.status=?
Hibernate: select t1_0.id,t1_0.driver_id,t1_0.end_time,t1_0.shipment_id,t1_0.start_time,t1_0.status,t1_0.truck_id from trips t1_0 where t1_0.truck_id in (?) order by t1_0.start_time desc
Hibernate: select fc1_0.id,fc1_0.address,fc1_0.company_name,fc1_0.contact_phone,fc1_0.created_at,fc1_0.registration_no,fc1_0.user_id from fleet_companies fc1_0 where fc1_0.user_id=?
Hibernate: select t1_0.id,t1_0.capacity_ton,t1_0.fleet_company_id,t1_0.status,t1_0.truck_no,t1_0.truck_type from trucks t1_0 where t1_0.fleet_company_id=?
Hibernate: select d1_0.id,d1_0.fleet_company_id,d1_0.full_name,d1_0.license_no,d1_0.phone,d1_0.status,d1_0.user_id from drivers d1_0 where d1_0.fleet_company_id=? and d1_0.status=?
Hibernate: select t1_0.id,t1_0.driver_id,t1_0.end_time,t1_0.shipment_id,t1_0.start_time,t1_0.status,t1_0.truck_id from trips t1_0 where t1_0.truck_id in (?) order by t1_0.start_time desc
Hibernate: select fc1_0.id,fc1_0.address,fc1_0.company_name,fc1_0.contact_phone,fc1_0.created_at,fc1_0.registration_no,fc1_0.user_id from fleet_companies fc1_0 where fc1_0.user_id=?
Hibernate: select t1_0.id,t1_0.capacity_ton,t1_0.fleet_company_id,t1_0.status,t1_0.truck_no,t1_0.truck_type from trucks t1_0 where t1_0.fleet_company_id=?
Hibernate: select fc1_0.id,fc1_0.address,fc1_0.company_name,fc1_0.contact_phone,fc1_0.created_at,fc1_0.registration_no,fc1_0.user_id from fleet_companies fc1_0 where fc1_0.user_id=?
Hibernate: select t1_0.id,t1_0.capacity_ton,t1_0.fleet_company_id,t1_0.status,t1_0.truck_no,t1_0.truck_type from trucks t1_0 where t1_0.fleet_company_id=?
Hibernate: select fc1_0.id,fc1_0.address,fc1_0.company_name,fc1_0.contact_phone,fc1_0.created_at,fc1_0.registration_no,fc1_0.user_id from fleet_companies fc1_0 where fc1_0.user_id=?
Hibernate: select t1_0.id,t1_0.capacity_ton,t1_0.fleet_company_id,t1_0.status,t1_0.truck_no,t1_0.truck_type from trucks t1_0 where t1_0.fleet_company_id=?
Hibernate: select fc1_0.id,fc1_0.address,fc1_0.company_name,fc1_0.contact_phone,fc1_0.created_at,fc1_0.registration_no,fc1_0.user_id from fleet_companies fc1_0 where fc1_0.user_id=?
Hibernate: select t1_0.id,t1_0.capacity_ton,t1_0.fleet_company_id,t1_0.status,t1_0.truck_no,t1_0.truck_type from trucks t1_0 where t1_0.fleet_company_id=?
Hibernate: select fc1_0.id,fc1_0.address,fc1_0.company_name,fc1_0.contact_phone,fc1_0.created_at,fc1_0.registration_no,fc1_0.user_id from fleet_companies fc1_0 where fc1_0.user_id=?
Hibernate: select fc1_0.id,fc1_0.address,fc1_0.company_name,fc1_0.contact_phone,fc1_0.created_at,fc1_0.registration_no,fc1_0.user_id from fleet_companies fc1_0 where fc1_0.user_id=?
Hibernate: select t1_0.id,t1_0.capacity_ton,t1_0.fleet_company_id,t1_0.status,t1_0.truck_no,t1_0.truck_type from trucks t1_0 where t1_0.fleet_company_id=?
Hibernate: select t1_0.id,t1_0.capacity_ton,t1_0.fleet_company_id,t1_0.status,t1_0.truck_no,t1_0.truck_type from trucks t1_0 where t1_0.fleet_company_id=?
Hibernate: select fc1_0.id,fc1_0.address,fc1_0.company_name,fc1_0.contact_phone,fc1_0.created_at,fc1_0.registration_no,fc1_0.user_id from fleet_companies fc1_0 where fc1_0.user_id=?
Hibernate: select fc1_0.id,fc1_0.address,fc1_0.company_name,fc1_0.contact_phone,fc1_0.created_at,fc1_0.registration_no,fc1_0.user_id from fleet_companies fc1_0 where fc1_0.user_id=?
Hibernate: select t1_0.id,t1_0.capacity_ton,t1_0.fleet_company_id,t1_0.status,t1_0.truck_no,t1_0.truck_type from trucks t1_0 where t1_0.fleet_company_id=?
Hibernate: select t1_0.id,t1_0.capacity_ton,t1_0.fleet_company_id,t1_0.status,t1_0.truck_no,t1_0.truck_type from trucks t1_0 where t1_0.fleet_company_id=?
Hibernate: select fc1_0.id,fc1_0.address,fc1_0.company_name,fc1_0.contact_phone,fc1_0.created_at,fc1_0.registration_no,fc1_0.user_id from fleet_companies fc1_0 where fc1_0.user_id=?
Hibernate: select fc1_0.id,fc1_0.address,fc1_0.company_name,fc1_0.contact_phone,fc1_0.created_at,fc1_0.registration_no,fc1_0.user_id from fleet_companies fc1_0 where fc1_0.user_id=?
Hibernate: select t1_0.id,t1_0.capacity_ton,t1_0.fleet_company_id,t1_0.status,t1_0.truck_no,t1_0.truck_type from trucks t1_0 where t1_0.fleet_company_id=?
Hibernate: select t1_0.id,t1_0.capacity_ton,t1_0.fleet_company_id,t1_0.status,t1_0.truck_no,t1_0.truck_type from trucks t1_0 where t1_0.fleet_company_id=?
Hibernate: select fc1_0.id,fc1_0.address,fc1_0.company_name,fc1_0.contact_phone,fc1_0.created_at,fc1_0.registration_no,fc1_0.user_id from fleet_companies fc1_0 where fc1_0.user_id=?
Hibernate: select t1_0.id,t1_0.capacity_ton,t1_0.fleet_company_id,t1_0.status,t1_0.truck_no,t1_0.truck_type from trucks t1_0 where t1_0.fleet_company_id=?
Hibernate: select fc1_0.id,fc1_0.address,fc1_0.company_name,fc1_0.contact_phone,fc1_0.created_at,fc1_0.registration_no,fc1_0.user_id from fleet_companies fc1_0 where fc1_0.user_id=?
Hibernate: select t1_0.id,t1_0.capacity_ton,t1_0.fleet_company_id,t1_0.status,t1_0.truck_no,t1_0.truck_type from trucks t1_0 where t1_0.fleet_company_id=?
Hibernate: select fc1_0.id,fc1_0.address,fc1_0.company_name,fc1_0.contact_phone,fc1_0.created_at,fc1_0.registration_no,fc1_0.user_id from fleet_companies fc1_0 where fc1_0.user_id=?
Hibernate: select fc1_0.id,fc1_0.address,fc1_0.company_name,fc1_0.contact_phone,fc1_0.created_at,fc1_0.registration_no,fc1_0.user_id from fleet_companies fc1_0 where fc1_0.user_id=?
Hibernate: select t1_0.id,t1_0.capacity_ton,t1_0.fleet_company_id,t1_0.status,t1_0.truck_no,t1_0.truck_type from trucks t1_0 where t1_0.fleet_company_id=?
Hibernate: select t1_0.id,t1_0.capacity_ton,t1_0.fleet_company_id,t1_0.status,t1_0.truck_no,t1_0.truck_type from trucks t1_0 where t1_0.fleet_company_id=?
Hibernate: select fc1_0.id,fc1_0.address,fc1_0.company_name,fc1_0.contact_phone,fc1_0.created_at,fc1_0.registration_no,fc1_0.user_id from fleet_companies fc1_0 where fc1_0.user_id=?
Hibernate: select t1_0.id,t1_0.capacity_ton,t1_0.fleet_company_id,t1_0.status,t1_0.truck_no,t1_0.truck_type from trucks t1_0 where t1_0.fleet_company_id=?
Hibernate: select t1_0.id,t1_0.driver_id,t1_0.end_time,t1_0.shipment_id,t1_0.start_time,t1_0.status,t1_0.truck_id from trips t1_0 where t1_0.shipment_id in (?)
Hibernate: select fc1_0.id,fc1_0.address,fc1_0.company_name,fc1_0.contact_phone,fc1_0.created_at,fc1_0.registration_no,fc1_0.user_id from fleet_companies fc1_0 where fc1_0.user_id=?
Hibernate: select fc1_0.id,fc1_0.address,fc1_0.company_name,fc1_0.contact_phone,fc1_0.created_at,fc1_0.registration_no,fc1_0.user_id from fleet_companies fc1_0 where fc1_0.user_id=?
Hibernate: select t1_0.id,t1_0.capacity_ton,t1_0.fleet_company_id,t1_0.status,t1_0.truck_no,t1_0.truck_type from trucks t1_0 where t1_0.fleet_company_id=?
Hibernate: select t1_0.id,t1_0.capacity_ton,t1_0.fleet_company_id,t1_0.status,t1_0.truck_no,t1_0.truck_type from trucks t1_0 where t1_0.fleet_company_id=?
Hibernate: select fc1_0.id,fc1_0.address,fc1_0.company_name,fc1_0.contact_phone,fc1_0.created_at,fc1_0.registration_no,fc1_0.user_id from fleet_companies fc1_0 where fc1_0.user_id=?
Hibernate: select fc1_0.id,fc1_0.address,fc1_0.company_name,fc1_0.contact_phone,fc1_0.created_at,fc1_0.registration_no,fc1_0.user_id from fleet_companies fc1_0 where fc1_0.user_id=?
Hibernate: select t1_0.id,t1_0.capacity_ton,t1_0.fleet_company_id,t1_0.status,t1_0.truck_no,t1_0.truck_type from trucks t1_0 where t1_0.fleet_company_id=?
Hibernate: select t1_0.id,t1_0.capacity_ton,t1_0.fleet_company_id,t1_0.status,t1_0.truck_no,t1_0.truck_type from trucks t1_0 where t1_0.fleet_company_id=?
Hibernate: select fc1_0.id,fc1_0.address,fc1_0.company_name,fc1_0.contact_phone,fc1_0.created_at,fc1_0.registration_no,fc1_0.user_id from fleet_companies fc1_0 where fc1_0.user_id=?
Hibernate: select fc1_0.id,fc1_0.address,fc1_0.company_name,fc1_0.contact_phone,fc1_0.created_at,fc1_0.registration_no,fc1_0.user_id from fleet_companies fc1_0 where fc1_0.user_id=?
Hibernate: select t1_0.id,t1_0.capacity_ton,t1_0.fleet_company_id,t1_0.status,t1_0.truck_no,t1_0.truck_type from trucks t1_0 where t1_0.fleet_company_id=?
Hibernate: select t1_0.id,t1_0.capacity_ton,t1_0.fleet_company_id,t1_0.status,t1_0.truck_no,t1_0.truck_type from trucks t1_0 where t1_0.fleet_company_id=?
Hibernate: select fc1_0.id,fc1_0.address,fc1_0.company_name,fc1_0.contact_phone,fc1_0.created_at,fc1_0.registration_no,fc1_0.user_id from fleet_companies fc1_0 where fc1_0.user_id=?
Hibernate: select fc1_0.id,fc1_0.address,fc1_0.company_name,fc1_0.contact_phone,fc1_0.created_at,fc1_0.registration_no,fc1_0.user_id from fleet_companies fc1_0 where fc1_0.user_id=?
Hibernate: select t1_0.id,t1_0.capacity_ton,t1_0.fleet_company_id,t1_0.status,t1_0.truck_no,t1_0.truck_type from trucks t1_0 where t1_0.fleet_company_id=?
Hibernate: select t1_0.id,t1_0.capacity_ton,t1_0.fleet_company_id,t1_0.status,t1_0.truck_no,t1_0.truck_type from trucks t1_0 where t1_0.fleet_company_id=?
Hibernate: select fc1_0.id,fc1_0.address,fc1_0.company_name,fc1_0.contact_phone,fc1_0.created_at,fc1_0.registration_no,fc1_0.user_id from fleet_companies fc1_0 where fc1_0.user_id=?
Hibernate: select t1_0.id,t1_0.capacity_ton,t1_0.fleet_company_id,t1_0.status,t1_0.truck_no,t1_0.truck_type from trucks t1_0 where t1_0.fleet_company_id=?
Hibernate: select fc1_0.id,fc1_0.address,fc1_0.company_name,fc1_0.contact_phone,fc1_0.created_at,fc1_0.registration_no,fc1_0.user_id from fleet_companies fc1_0 where fc1_0.user_id=?
Hibernate: select t1_0.id,t1_0.capacity_ton,t1_0.fleet_company_id,t1_0.status,t1_0.truck_no,t1_0.truck_type from trucks t1_0 where t1_0.fleet_company_id=?
Hibernate: select fc1_0.id,fc1_0.address,fc1_0.company_name,fc1_0.contact_phone,fc1_0.created_at,fc1_0.registration_no,fc1_0.user_id from fleet_companies fc1_0 where fc1_0.user_id=?
Hibernate: select fc1_0.id,fc1_0.address,fc1_0.company_name,fc1_0.contact_phone,fc1_0.created_at,fc1_0.registration_no,fc1_0.user_id from fleet_companies fc1_0 where fc1_0.user_id=?
Hibernate: select t1_0.id,t1_0.capacity_ton,t1_0.fleet_company_id,t1_0.status,t1_0.truck_no,t1_0.truck_type from trucks t1_0 where t1_0.fleet_company_id=?
Hibernate: select t1_0.id,t1_0.capacity_ton,t1_0.fleet_company_id,t1_0.status,t1_0.truck_no,t1_0.truck_type from trucks t1_0 where t1_0.fleet_company_id=?
2026-08-01T05:26:04.200+05:30  INFO 38740 --- [FLEET-SERVICE] [rap-executor-%d] c.n.d.s.r.aws.ConfigClusterResolver      : Resolving eureka endpoints via configuration
Hibernate: select fc1_0.id,fc1_0.address,fc1_0.company_name,fc1_0.contact_phone,fc1_0.created_at,fc1_0.registration_no,fc1_0.user_id from fleet_companies fc1_0 where fc1_0.user_id=?
Hibernate: select t1_0.id,t1_0.capacity_ton,t1_0.fleet_company_id,t1_0.status,t1_0.truck_no,t1_0.truck_type from trucks t1_0 where t1_0.fleet_company_id=?
Hibernate: select fc1_0.id,fc1_0.address,fc1_0.company_name,fc1_0.contact_phone,fc1_0.created_at,fc1_0.registration_no,fc1_0.user_id from fleet_companies fc1_0 where fc1_0.user_id=?
Hibernate: select t1_0.id,t1_0.capacity_ton,t1_0.fleet_company_id,t1_0.status,t1_0.truck_no,t1_0.truck_type from trucks t1_0 where t1_0.fleet_company_id=?
Hibernate: select fc1_0.id,fc1_0.address,fc1_0.company_name,fc1_0.contact_phone,fc1_0.created_at,fc1_0.registration_no,fc1_0.user_id from fleet_companies fc1_0 where fc1_0.user_id=?
Hibernate: select t1_0.id,t1_0.capacity_ton,t1_0.fleet_company_id,t1_0.status,t1_0.truck_no,t1_0.truck_type from trucks t1_0 where t1_0.fleet_company_id=?
Hibernate: select d1_0.id,d1_0.fleet_company_id,d1_0.full_name,d1_0.license_no,d1_0.phone,d1_0.status,d1_0.user_id from drivers d1_0 where d1_0.fleet_company_id=? and d1_0.status=?
Hibernate: select t1_0.id,t1_0.driver_id,t1_0.end_time,t1_0.shipment_id,t1_0.start_time,t1_0.status,t1_0.truck_id from trips t1_0 where t1_0.truck_id in (?) order by t1_0.start_time desc
Hibernate: select fc1_0.id,fc1_0.address,fc1_0.company_name,fc1_0.contact_phone,fc1_0.created_at,fc1_0.registration_no,fc1_0.user_id from fleet_companies fc1_0 where fc1_0.user_id=?
Hibernate: select t1_0.id,t1_0.capacity_ton,t1_0.fleet_company_id,t1_0.status,t1_0.truck_no,t1_0.truck_type from trucks t1_0 where t1_0.fleet_company_id=?
Hibernate: select d1_0.id,d1_0.fleet_company_id,d1_0.full_name,d1_0.license_no,d1_0.phone,d1_0.status,d1_0.user_id from drivers d1_0 where d1_0.fleet_company_id=? and d1_0.status=?
Hibernate: select t1_0.id,t1_0.driver_id,t1_0.end_time,t1_0.shipment_id,t1_0.start_time,t1_0.status,t1_0.truck_id from trips t1_0 where t1_0.truck_id in (?) order by t1_0.start_time desc
Hibernate: select fc1_0.id,fc1_0.address,fc1_0.company_name,fc1_0.contact_phone,fc1_0.created_at,fc1_0.registration_no,fc1_0.user_id from fleet_companies fc1_0 where fc1_0.user_id=?
Hibernate: select t1_0.id,t1_0.capacity_ton,t1_0.fleet_company_id,t1_0.status,t1_0.truck_no,t1_0.truck_type from trucks t1_0 where t1_0.fleet_company_id=?
Hibernate: select fc1_0.id,fc1_0.address,fc1_0.company_name,fc1_0.contact_phone,fc1_0.created_at,fc1_0.registration_no,fc1_0.user_id from fleet_companies fc1_0 where fc1_0.user_id=?
Hibernate: select t1_0.id,t1_0.capacity_ton,t1_0.fleet_company_id,t1_0.status,t1_0.truck_no,t1_0.truck_type from trucks t1_0 where t1_0.fleet_company_id=?
Hibernate: select fc1_0.id,fc1_0.address,fc1_0.company_name,fc1_0.contact_phone,fc1_0.created_at,fc1_0.registration_no,fc1_0.user_id from fleet_companies fc1_0 where fc1_0.user_id=?
Hibernate: select t1_0.id,t1_0.capacity_ton,t1_0.fleet_company_id,t1_0.status,t1_0.truck_no,t1_0.truck_type from trucks t1_0 where t1_0.fleet_company_id=?
Hibernate: select fc1_0.id,fc1_0.address,fc1_0.company_name,fc1_0.contact_phone,fc1_0.created_at,fc1_0.registration_no,fc1_0.user_id from fleet_companies fc1_0 where fc1_0.user_id=?
Hibernate: select t1_0.id,t1_0.capacity_ton,t1_0.fleet_company_id,t1_0.status,t1_0.truck_no,t1_0.truck_type from trucks t1_0 where t1_0.fleet_company_id=?
Hibernate: select fc1_0.id,fc1_0.address,fc1_0.company_name,fc1_0.contact_phone,fc1_0.created_at,fc1_0.registration_no,fc1_0.user_id from fleet_companies fc1_0 where fc1_0.user_id=?
Hibernate: select fc1_0.id,fc1_0.address,fc1_0.company_name,fc1_0.contact_phone,fc1_0.created_at,fc1_0.registration_no,fc1_0.user_id from fleet_companies fc1_0 where fc1_0.user_id=?
Hibernate: select t1_0.id,t1_0.capacity_ton,t1_0.fleet_company_id,t1_0.status,t1_0.truck_no,t1_0.truck_type from trucks t1_0 where t1_0.fleet_company_id=?
Hibernate: select t1_0.id,t1_0.capacity_ton,t1_0.fleet_company_id,t1_0.status,t1_0.truck_no,t1_0.truck_type from trucks t1_0 where t1_0.fleet_company_id=?
Hibernate: select fc1_0.id,fc1_0.address,fc1_0.company_name,fc1_0.contact_phone,fc1_0.created_at,fc1_0.registration_no,fc1_0.user_id from fleet_companies fc1_0 where fc1_0.user_id=?
Hibernate: select t1_0.id,t1_0.capacity_ton,t1_0.fleet_company_id,t1_0.status,t1_0.truck_no,t1_0.truck_type from trucks t1_0 where t1_0.fleet_company_id=?
Hibernate: select fc1_0.id,fc1_0.address,fc1_0.company_name,fc1_0.contact_phone,fc1_0.created_at,fc1_0.registration_no,fc1_0.user_id from fleet_companies fc1_0 where fc1_0.user_id=?
Hibernate: select t1_0.id,t1_0.capacity_ton,t1_0.fleet_company_id,t1_0.status,t1_0.truck_no,t1_0.truck_type from trucks t1_0 where t1_0.fleet_company_id=?
Hibernate: select fc1_0.id,fc1_0.address,fc1_0.company_name,fc1_0.contact_phone,fc1_0.created_at,fc1_0.registration_no,fc1_0.user_id from fleet_companies fc1_0 where fc1_0.user_id=?
Hibernate: select fc1_0.id,fc1_0.address,fc1_0.company_name,fc1_0.contact_phone,fc1_0.created_at,fc1_0.registration_no,fc1_0.user_id from fleet_companies fc1_0 where fc1_0.user_id=?
Hibernate: select t1_0.id,t1_0.capacity_ton,t1_0.fleet_company_id,t1_0.status,t1_0.truck_no,t1_0.truck_type from trucks t1_0 where t1_0.fleet_company_id=?
Hibernate: select t1_0.id,t1_0.capacity_ton,t1_0.fleet_company_id,t1_0.status,t1_0.truck_no,t1_0.truck_type from trucks t1_0 where t1_0.fleet_company_id=?
Hibernate: select fc1_0.id,fc1_0.address,fc1_0.company_name,fc1_0.contact_phone,fc1_0.created_at,fc1_0.registration_no,fc1_0.user_id from fleet_companies fc1_0 where fc1_0.user_id=?
Hibernate: select fc1_0.id,fc1_0.address,fc1_0.company_name,fc1_0.contact_phone,fc1_0.created_at,fc1_0.registration_no,fc1_0.user_id from fleet_companies fc1_0 where fc1_0.user_id=?
Hibernate: select t1_0.id,t1_0.capacity_ton,t1_0.fleet_company_id,t1_0.status,t1_0.truck_no,t1_0.truck_type from trucks t1_0 where t1_0.fleet_company_id=?
Hibernate: select t1_0.id,t1_0.capacity_ton,t1_0.fleet_company_id,t1_0.status,t1_0.truck_no,t1_0.truck_type from trucks t1_0 where t1_0.fleet_company_id=?
Hibernate: select fc1_0.id,fc1_0.address,fc1_0.company_name,fc1_0.contact_phone,fc1_0.created_at,fc1_0.registration_no,fc1_0.user_id from fleet_companies fc1_0 where fc1_0.user_id=?
Hibernate: select t1_0.id,t1_0.capacity_ton,t1_0.fleet_company_id,t1_0.status,t1_0.truck_no,t1_0.truck_type from trucks t1_0 where t1_0.fleet_company_id=?
Hibernate: select fc1_0.id,fc1_0.address,fc1_0.company_name,fc1_0.contact_phone,fc1_0.created_at,fc1_0.registration_no,fc1_0.user_id from fleet_companies fc1_0 where fc1_0.user_id=?
Hibernate: select t1_0.id,t1_0.capacity_ton,t1_0.fleet_company_id,t1_0.status,t1_0.truck_no,t1_0.truck_type from trucks t1_0 where t1_0.fleet_company_id=?
Hibernate: select fc1_0.id,fc1_0.address,fc1_0.company_name,fc1_0.contact_phone,fc1_0.created_at,fc1_0.registration_no,fc1_0.user_id from fleet_companies fc1_0 where fc1_0.user_id=?
Hibernate: select fc1_0.id,fc1_0.address,fc1_0.company_name,fc1_0.contact_phone,fc1_0.created_at,fc1_0.registration_no,fc1_0.user_id from fleet_companies fc1_0 where fc1_0.user_id=?
Hibernate: select t1_0.id,t1_0.driver_id,t1_0.end_time,t1_0.shipment_id,t1_0.start_time,t1_0.status,t1_0.truck_id from trips t1_0 where t1_0.shipment_id in (?)
Hibernate: select t1_0.id,t1_0.driver_id,t1_0.end_time,t1_0.shipment_id,t1_0.start_time,t1_0.status,t1_0.truck_id from trips t1_0 where t1_0.shipment_id in (?)
Hibernate: select fc1_0.id,fc1_0.address,fc1_0.company_name,fc1_0.contact_phone,fc1_0.created_at,fc1_0.registration_no,fc1_0.user_id from fleet_companies fc1_0 where fc1_0.user_id=?
Hibernate: select t1_0.id,t1_0.driver_id,t1_0.end_time,t1_0.shipment_id,t1_0.start_time,t1_0.status,t1_0.truck_id from trips t1_0 where t1_0.shipment_id in (?)
Hibernate: select fc1_0.id,fc1_0.address,fc1_0.company_name,fc1_0.contact_phone,fc1_0.created_at,fc1_0.registration_no,fc1_0.user_id from fleet_companies fc1_0 where fc1_0.user_id=?
Hibernate: select t1_0.id,t1_0.driver_id,t1_0.end_time,t1_0.shipment_id,t1_0.start_time,t1_0.status,t1_0.truck_id from trips t1_0 where t1_0.shipment_id in (?)
Hibernate: select fc1_0.id,fc1_0.address,fc1_0.company_name,fc1_0.contact_phone,fc1_0.created_at,fc1_0.registration_no,fc1_0.user_id from fleet_companies fc1_0 where fc1_0.user_id=?
Hibernate: select t1_0.id,t1_0.driver_id,t1_0.end_time,t1_0.shipment_id,t1_0.start_time,t1_0.status,t1_0.truck_id from trips t1_0 where t1_0.shipment_id in (?)
Hibernate: select fc1_0.id,fc1_0.address,fc1_0.company_name,fc1_0.contact_phone,fc1_0.created_at,fc1_0.registration_no,fc1_0.user_id from fleet_companies fc1_0 where fc1_0.user_id=?
Hibernate: select t1_0.id,t1_0.driver_id,t1_0.end_time,t1_0.shipment_id,t1_0.start_time,t1_0.status,t1_0.truck_id from trips t1_0 where t1_0.shipment_id in (?)
Hibernate: select fc1_0.id,fc1_0.address,fc1_0.company_name,fc1_0.contact_phone,fc1_0.created_at,fc1_0.registration_no,fc1_0.user_id from fleet_companies fc1_0 where fc1_0.user_id=?
Hibernate: select t1_0.id,t1_0.driver_id,t1_0.end_time,t1_0.shipment_id,t1_0.start_time,t1_0.status,t1_0.truck_id from trips t1_0 where t1_0.shipment_id in (?)
Hibernate: select fc1_0.id,fc1_0.address,fc1_0.company_name,fc1_0.contact_phone,fc1_0.created_at,fc1_0.registration_no,fc1_0.user_id from fleet_companies fc1_0 where fc1_0.user_id=?
Hibernate: select t1_0.id,t1_0.driver_id,t1_0.end_time,t1_0.shipment_id,t1_0.start_time,t1_0.status,t1_0.truck_id from trips t1_0 where t1_0.shipment_id in (?)
Hibernate: select fc1_0.id,fc1_0.address,fc1_0.company_name,fc1_0.contact_phone,fc1_0.created_at,fc1_0.registration_no,fc1_0.user_id from fleet_companies fc1_0 where fc1_0.user_id=?
Hibernate: select t1_0.id,t1_0.driver_id,t1_0.end_time,t1_0.shipment_id,t1_0.start_time,t1_0.status,t1_0.truck_id from trips t1_0 where t1_0.shipment_id in (?)
Hibernate: select fc1_0.id,fc1_0.address,fc1_0.company_name,fc1_0.contact_phone,fc1_0.created_at,fc1_0.registration_no,fc1_0.user_id from fleet_companies fc1_0 where fc1_0.user_id=?
Hibernate: select t1_0.id,t1_0.driver_id,t1_0.end_time,t1_0.shipment_id,t1_0.start_time,t1_0.status,t1_0.truck_id from trips t1_0 where t1_0.shipment_id in (?)
Hibernate: select fc1_0.id,fc1_0.address,fc1_0.company_name,fc1_0.contact_phone,fc1_0.created_at,fc1_0.registration_no,fc1_0.user_id from fleet_companies fc1_0 where fc1_0.user_id=?
Hibernate: select fc1_0.id,fc1_0.address,fc1_0.company_name,fc1_0.contact_phone,fc1_0.created_at,fc1_0.registration_no,fc1_0.user_id from fleet_companies fc1_0 where fc1_0.user_id=?
Hibernate: select t1_0.id,t1_0.driver_id,t1_0.end_time,t1_0.shipment_id,t1_0.start_time,t1_0.status,t1_0.truck_id from trips t1_0 where t1_0.shipment_id in (?)
Hibernate: select t1_0.id,t1_0.driver_id,t1_0.end_time,t1_0.shipment_id,t1_0.start_time,t1_0.status,t1_0.truck_id from trips t1_0 where t1_0.shipment_id in (?)
Hibernate: select fc1_0.id,fc1_0.address,fc1_0.company_name,fc1_0.contact_phone,fc1_0.created_at,fc1_0.registration_no,fc1_0.user_id from fleet_companies fc1_0 where fc1_0.user_id=?
Hibernate: select t1_0.id,t1_0.driver_id,t1_0.end_time,t1_0.shipment_id,t1_0.start_time,t1_0.status,t1_0.truck_id from trips t1_0 where t1_0.shipment_id in (?)
Hibernate: select fc1_0.id,fc1_0.address,fc1_0.company_name,fc1_0.contact_phone,fc1_0.created_at,fc1_0.registration_no,fc1_0.user_id from fleet_companies fc1_0 where fc1_0.user_id=?
Hibernate: select t1_0.id,t1_0.driver_id,t1_0.end_time,t1_0.shipment_id,t1_0.start_time,t1_0.status,t1_0.truck_id from trips t1_0 where t1_0.shipment_id in (?)
Hibernate: select fc1_0.id,fc1_0.address,fc1_0.company_name,fc1_0.contact_phone,fc1_0.created_at,fc1_0.registration_no,fc1_0.user_id from fleet_companies fc1_0 where fc1_0.user_id=?
Hibernate: select t1_0.id,t1_0.driver_id,t1_0.end_time,t1_0.shipment_id,t1_0.start_time,t1_0.status,t1_0.truck_id from trips t1_0 where t1_0.shipment_id in (?)
Hibernate: select fc1_0.id,fc1_0.address,fc1_0.company_name,fc1_0.contact_phone,fc1_0.created_at,fc1_0.registration_no,fc1_0.user_id from fleet_companies fc1_0 where fc1_0.user_id=?
Hibernate: select t1_0.id,t1_0.driver_id,t1_0.end_time,t1_0.shipment_id,t1_0.start_time,t1_0.status,t1_0.truck_id from trips t1_0 where t1_0.shipment_id in (?)
2026-08-01T05:31:04.202+05:30  INFO 38740 --- [FLEET-SERVICE] [rap-executor-%d] c.n.d.s.r.aws.ConfigClusterResolver      : Resolving eureka endpoints via configuration
Hibernate: select fc1_0.id,fc1_0.address,fc1_0.company_name,fc1_0.contact_phone,fc1_0.created_at,fc1_0.registration_no,fc1_0.user_id from fleet_companies fc1_0 where fc1_0.user_id=?
Hibernate: select t1_0.id,t1_0.driver_id,t1_0.end_time,t1_0.shipment_id,t1_0.start_time,t1_0.status,t1_0.truck_id from trips t1_0 where t1_0.shipment_id in (?)
Hibernate: select fc1_0.id,fc1_0.address,fc1_0.company_name,fc1_0.contact_phone,fc1_0.created_at,fc1_0.registration_no,fc1_0.user_id from fleet_companies fc1_0 where fc1_0.user_id=?
Hibernate: select t1_0.id,t1_0.driver_id,t1_0.end_time,t1_0.shipment_id,t1_0.start_time,t1_0.status,t1_0.truck_id from trips t1_0 where t1_0.shipment_id in (?)
Hibernate: select fc1_0.id,fc1_0.address,fc1_0.company_name,fc1_0.contact_phone,fc1_0.created_at,fc1_0.registration_no,fc1_0.user_id from fleet_companies fc1_0 where fc1_0.user_id=?
Hibernate: select t1_0.id,t1_0.driver_id,t1_0.end_time,t1_0.shipment_id,t1_0.start_time,t1_0.status,t1_0.truck_id from trips t1_0 where t1_0.shipment_id in (?)
Hibernate: select d1_0.id,d1_0.fleet_company_id,d1_0.full_name,d1_0.license_no,d1_0.phone,d1_0.status,d1_0.user_id from drivers d1_0 where d1_0.user_id=?
Hibernate: select d1_0.id,d1_0.fleet_company_id,d1_0.full_name,d1_0.license_no,d1_0.phone,d1_0.status,d1_0.user_id from drivers d1_0 where d1_0.user_id=?
Hibernate: select fc1_0.id,fc1_0.address,fc1_0.company_name,fc1_0.contact_phone,fc1_0.created_at,fc1_0.registration_no,fc1_0.user_id from fleet_companies fc1_0 where fc1_0.user_id=?
Hibernate: select fc1_0.id,fc1_0.address,fc1_0.company_name,fc1_0.contact_phone,fc1_0.created_at,fc1_0.registration_no,fc1_0.user_id from fleet_companies fc1_0 where fc1_0.user_id=?
Hibernate: select t1_0.id,t1_0.driver_id,t1_0.end_time,t1_0.shipment_id,t1_0.start_time,t1_0.status,t1_0.truck_id from trips t1_0 where t1_0.shipment_id in (?)
Hibernate: select t1_0.id,t1_0.driver_id,t1_0.end_time,t1_0.shipment_id,t1_0.start_time,t1_0.status,t1_0.truck_id from trips t1_0 where t1_0.shipment_id in (?)
Hibernate: select fc1_0.id,fc1_0.address,fc1_0.company_name,fc1_0.contact_phone,fc1_0.created_at,fc1_0.registration_no,fc1_0.user_id from fleet_companies fc1_0 where fc1_0.user_id=?
Hibernate: select t1_0.id,t1_0.driver_id,t1_0.end_time,t1_0.shipment_id,t1_0.start_time,t1_0.status,t1_0.truck_id from trips t1_0 where t1_0.shipment_id in (?)
Hibernate: select fc1_0.id,fc1_0.address,fc1_0.company_name,fc1_0.contact_phone,fc1_0.created_at,fc1_0.registration_no,fc1_0.user_id from fleet_companies fc1_0 where fc1_0.user_id=?
Hibernate: select t1_0.id,t1_0.driver_id,t1_0.end_time,t1_0.shipment_id,t1_0.start_time,t1_0.status,t1_0.truck_id from trips t1_0 where t1_0.shipment_id in (?)
Hibernate: select fc1_0.id,fc1_0.address,fc1_0.company_name,fc1_0.contact_phone,fc1_0.created_at,fc1_0.registration_no,fc1_0.user_id from fleet_companies fc1_0 where fc1_0.user_id=?
Hibernate: select t1_0.id,t1_0.driver_id,t1_0.end_time,t1_0.shipment_id,t1_0.start_time,t1_0.status,t1_0.truck_id from trips t1_0 where t1_0.shipment_id in (?)
Hibernate: select fc1_0.id,fc1_0.address,fc1_0.company_name,fc1_0.contact_phone,fc1_0.created_at,fc1_0.registration_no,fc1_0.user_id from fleet_companies fc1_0 where fc1_0.user_id=?
Hibernate: select t1_0.id,t1_0.driver_id,t1_0.end_time,t1_0.shipment_id,t1_0.start_time,t1_0.status,t1_0.truck_id from trips t1_0 where t1_0.shipment_id in (?)
Hibernate: select fc1_0.id,fc1_0.address,fc1_0.company_name,fc1_0.contact_phone,fc1_0.created_at,fc1_0.registration_no,fc1_0.user_id from fleet_companies fc1_0 where fc1_0.user_id=?
Hibernate: select t1_0.id,t1_0.driver_id,t1_0.end_time,t1_0.shipment_id,t1_0.start_time,t1_0.status,t1_0.truck_id from trips t1_0 where t1_0.shipment_id in (?)
Hibernate: select fc1_0.id,fc1_0.address,fc1_0.company_name,fc1_0.contact_phone,fc1_0.created_at,fc1_0.registration_no,fc1_0.user_id from fleet_companies fc1_0 where fc1_0.user_id=?
Hibernate: select t1_0.id,t1_0.driver_id,t1_0.end_time,t1_0.shipment_id,t1_0.start_time,t1_0.status,t1_0.truck_id from trips t1_0 where t1_0.shipment_id in (?)
2026-08-01T05:36:04.204+05:30  INFO 38740 --- [FLEET-SERVICE] [rap-executor-%d] c.n.d.s.r.aws.ConfigClusterResolver      : Resolving eureka endpoints via configuration
Hibernate: select fc1_0.id,fc1_0.address,fc1_0.company_name,fc1_0.contact_phone,fc1_0.created_at,fc1_0.registration_no,fc1_0.user_id from fleet_companies fc1_0 where fc1_0.user_id=?
Hibernate: select t1_0.id,t1_0.driver_id,t1_0.end_time,t1_0.shipment_id,t1_0.start_time,t1_0.status,t1_0.truck_id from trips t1_0 where t1_0.shipment_id in (?)
Hibernate: select t1_0.id,t1_0.capacity_ton,t1_0.fleet_company_id,t1_0.status,t1_0.truck_no,t1_0.truck_type from trucks t1_0 where t1_0.id=?
Hibernate: select d1_0.id,d1_0.fleet_company_id,d1_0.full_name,d1_0.license_no,d1_0.phone,d1_0.status,d1_0.user_id from drivers d1_0 where d1_0.id=?
Hibernate: insert into trips (driver_id,end_time,shipment_id,start_time,status,truck_id) values (?,?,?,?,?,?)
Hibernate: select fc1_0.id,fc1_0.address,fc1_0.company_name,fc1_0.contact_phone,fc1_0.created_at,fc1_0.registration_no,fc1_0.user_id from fleet_companies fc1_0 where fc1_0.user_id=?
Hibernate: select t1_0.id,t1_0.capacity_ton,t1_0.fleet_company_id,t1_0.status,t1_0.truck_no,t1_0.truck_type from trucks t1_0 where t1_0.fleet_company_id=?
Hibernate: select t1_0.id,t1_0.driver_id,t1_0.end_time,t1_0.shipment_id,t1_0.start_time,t1_0.status,t1_0.truck_id from trips t1_0 where t1_0.truck_id in (?) order by t1_0.start_time desc
Hibernate: select fc1_0.id,fc1_0.address,fc1_0.company_name,fc1_0.contact_phone,fc1_0.created_at,fc1_0.registration_no,fc1_0.user_id from fleet_companies fc1_0 where fc1_0.user_id=?
Hibernate: select t1_0.id,t1_0.driver_id,t1_0.end_time,t1_0.shipment_id,t1_0.start_time,t1_0.status,t1_0.truck_id from trips t1_0 where t1_0.shipment_id in (?)
Hibernate: select fc1_0.id,fc1_0.address,fc1_0.company_name,fc1_0.contact_phone,fc1_0.created_at,fc1_0.registration_no,fc1_0.user_id from fleet_companies fc1_0 where fc1_0.user_id=?
Hibernate: select t1_0.id,t1_0.driver_id,t1_0.end_time,t1_0.shipment_id,t1_0.start_time,t1_0.status,t1_0.truck_id from trips t1_0 where t1_0.shipment_id in (?)
Hibernate: select fc1_0.id,fc1_0.address,fc1_0.company_name,fc1_0.contact_phone,fc1_0.created_at,fc1_0.registration_no,fc1_0.user_id from fleet_companies fc1_0 where fc1_0.user_id=?
Hibernate: select t1_0.id,t1_0.capacity_ton,t1_0.fleet_company_id,t1_0.status,t1_0.truck_no,t1_0.truck_type from trucks t1_0 where t1_0.fleet_company_id=?
Hibernate: select d1_0.id,d1_0.fleet_company_id,d1_0.full_name,d1_0.license_no,d1_0.phone,d1_0.status,d1_0.user_id from drivers d1_0 where d1_0.fleet_company_id=? and d1_0.status=?
Hibernate: select t1_0.id,t1_0.driver_id,t1_0.end_time,t1_0.shipment_id,t1_0.start_time,t1_0.status,t1_0.truck_id from trips t1_0 where t1_0.truck_id in (?) order by t1_0.start_time desc
Hibernate: select fc1_0.id,fc1_0.address,fc1_0.company_name,fc1_0.contact_phone,fc1_0.created_at,fc1_0.registration_no,fc1_0.user_id from fleet_companies fc1_0 where fc1_0.user_id=?
Hibernate: select t1_0.id,t1_0.capacity_ton,t1_0.fleet_company_id,t1_0.status,t1_0.truck_no,t1_0.truck_type from trucks t1_0 where t1_0.fleet_company_id=?
Hibernate: select d1_0.id,d1_0.fleet_company_id,d1_0.full_name,d1_0.license_no,d1_0.phone,d1_0.status,d1_0.user_id from drivers d1_0 where d1_0.fleet_company_id=? and d1_0.status=?
Hibernate: select t1_0.id,t1_0.driver_id,t1_0.end_time,t1_0.shipment_id,t1_0.start_time,t1_0.status,t1_0.truck_id from trips t1_0 where t1_0.truck_id in (?) order by t1_0.start_time desc
Hibernate: select fc1_0.id,fc1_0.address,fc1_0.company_name,fc1_0.contact_phone,fc1_0.created_at,fc1_0.registration_no,fc1_0.user_id from fleet_companies fc1_0 where fc1_0.user_id=?
Hibernate: select fc1_0.id,fc1_0.address,fc1_0.company_name,fc1_0.contact_phone,fc1_0.created_at,fc1_0.registration_no,fc1_0.user_id from fleet_companies fc1_0 where fc1_0.user_id=?
Hibernate: select t1_0.id,t1_0.capacity_ton,t1_0.fleet_company_id,t1_0.status,t1_0.truck_no,t1_0.truck_type from trucks t1_0 where t1_0.fleet_company_id=?
Hibernate: select t1_0.id,t1_0.driver_id,t1_0.end_time,t1_0.shipment_id,t1_0.start_time,t1_0.status,t1_0.truck_id from trips t1_0 where t1_0.truck_id in (?) order by t1_0.start_time desc
Hibernate: select d1_0.id,d1_0.fleet_company_id,d1_0.full_name,d1_0.license_no,d1_0.phone,d1_0.status,d1_0.user_id from drivers d1_0 where d1_0.fleet_company_id=? and d1_0.status=?
Hibernate: select fc1_0.id,fc1_0.address,fc1_0.company_name,fc1_0.contact_phone,fc1_0.created_at,fc1_0.registration_no,fc1_0.user_id from fleet_companies fc1_0 where fc1_0.user_id=?
Hibernate: select fc1_0.id,fc1_0.address,fc1_0.company_name,fc1_0.contact_phone,fc1_0.created_at,fc1_0.registration_no,fc1_0.user_id from fleet_companies fc1_0 where fc1_0.user_id=?
Hibernate: select d1_0.id,d1_0.fleet_company_id,d1_0.full_name,d1_0.license_no,d1_0.phone,d1_0.status,d1_0.user_id from drivers d1_0 where d1_0.fleet_company_id=? and d1_0.status=?
Hibernate: select t1_0.id,t1_0.capacity_ton,t1_0.fleet_company_id,t1_0.status,t1_0.truck_no,t1_0.truck_type from trucks t1_0 where t1_0.fleet_company_id=?
Hibernate: select t1_0.id,t1_0.driver_id,t1_0.end_time,t1_0.shipment_id,t1_0.start_time,t1_0.status,t1_0.truck_id from trips t1_0 where t1_0.truck_id in (?) order by t1_0.start_time desc
Hibernate: select fc1_0.id,fc1_0.address,fc1_0.company_name,fc1_0.contact_phone,fc1_0.created_at,fc1_0.registration_no,fc1_0.user_id from fleet_companies fc1_0 where fc1_0.user_id=?
Hibernate: select fc1_0.id,fc1_0.address,fc1_0.company_name,fc1_0.contact_phone,fc1_0.created_at,fc1_0.registration_no,fc1_0.user_id from fleet_companies fc1_0 where fc1_0.user_id=?
Hibernate: select d1_0.id,d1_0.fleet_company_id,d1_0.full_name,d1_0.license_no,d1_0.phone,d1_0.status,d1_0.user_id from drivers d1_0 where d1_0.fleet_company_id=? and d1_0.status=?
Hibernate: select t1_0.id,t1_0.capacity_ton,t1_0.fleet_company_id,t1_0.status,t1_0.truck_no,t1_0.truck_type from trucks t1_0 where t1_0.fleet_company_id=?
Hibernate: select t1_0.id,t1_0.driver_id,t1_0.end_time,t1_0.shipment_id,t1_0.start_time,t1_0.status,t1_0.truck_id from trips t1_0 where t1_0.truck_id in (?) order by t1_0.start_time desc
Hibernate: select fc1_0.id,fc1_0.address,fc1_0.company_name,fc1_0.contact_phone,fc1_0.created_at,fc1_0.registration_no,fc1_0.user_id from fleet_companies fc1_0 where fc1_0.user_id=?
Hibernate: select fc1_0.id,fc1_0.address,fc1_0.company_name,fc1_0.contact_phone,fc1_0.created_at,fc1_0.registration_no,fc1_0.user_id from fleet_companies fc1_0 where fc1_0.user_id=?
Hibernate: select d1_0.id,d1_0.fleet_company_id,d1_0.full_name,d1_0.license_no,d1_0.phone,d1_0.status,d1_0.user_id from drivers d1_0 where d1_0.fleet_company_id=? and d1_0.status=?
Hibernate: select t1_0.id,t1_0.capacity_ton,t1_0.fleet_company_id,t1_0.status,t1_0.truck_no,t1_0.truck_type from trucks t1_0 where t1_0.fleet_company_id=?
Hibernate: select t1_0.id,t1_0.driver_id,t1_0.end_time,t1_0.shipment_id,t1_0.start_time,t1_0.status,t1_0.truck_id from trips t1_0 where t1_0.truck_id in (?) order by t1_0.start_time desc
Hibernate: select fc1_0.id,fc1_0.address,fc1_0.company_name,fc1_0.contact_phone,fc1_0.created_at,fc1_0.registration_no,fc1_0.user_id from fleet_companies fc1_0 where fc1_0.user_id=?
Hibernate: select t1_0.id,t1_0.capacity_ton,t1_0.fleet_company_id,t1_0.status,t1_0.truck_no,t1_0.truck_type from trucks t1_0 where t1_0.fleet_company_id=?
Hibernate: select t1_0.id,t1_0.driver_id,t1_0.end_time,t1_0.shipment_id,t1_0.start_time,t1_0.status,t1_0.truck_id from trips t1_0 where t1_0.truck_id in (?) order by t1_0.start_time desc
Hibernate: select fc1_0.id,fc1_0.address,fc1_0.company_name,fc1_0.contact_phone,fc1_0.created_at,fc1_0.registration_no,fc1_0.user_id from fleet_companies fc1_0 where fc1_0.user_id=?
Hibernate: select d1_0.id,d1_0.fleet_company_id,d1_0.full_name,d1_0.license_no,d1_0.phone,d1_0.status,d1_0.user_id from drivers d1_0 where d1_0.fleet_company_id=? and d1_0.status=?
Hibernate: select fc1_0.id,fc1_0.address,fc1_0.company_name,fc1_0.contact_phone,fc1_0.created_at,fc1_0.registration_no,fc1_0.user_id from fleet_companies fc1_0 where fc1_0.user_id=?
Hibernate: select fc1_0.id,fc1_0.address,fc1_0.company_name,fc1_0.contact_phone,fc1_0.created_at,fc1_0.registration_no,fc1_0.user_id from fleet_companies fc1_0 where fc1_0.user_id=?
Hibernate: select t1_0.id,t1_0.capacity_ton,t1_0.fleet_company_id,t1_0.status,t1_0.truck_no,t1_0.truck_type from trucks t1_0 where t1_0.fleet_company_id=?
Hibernate: select d1_0.id,d1_0.fleet_company_id,d1_0.full_name,d1_0.license_no,d1_0.phone,d1_0.status,d1_0.user_id from drivers d1_0 where d1_0.fleet_company_id=? and d1_0.status=?
Hibernate: select t1_0.id,t1_0.driver_id,t1_0.end_time,t1_0.shipment_id,t1_0.start_time,t1_0.status,t1_0.truck_id from trips t1_0 where t1_0.truck_id in (?) order by t1_0.start_time desc
Hibernate: select d1_0.id,d1_0.fleet_company_id,d1_0.full_name,d1_0.license_no,d1_0.phone,d1_0.status,d1_0.user_id from drivers d1_0 where d1_0.user_id=?
Hibernate: select d1_0.id,d1_0.fleet_company_id,d1_0.full_name,d1_0.license_no,d1_0.phone,d1_0.status,d1_0.user_id from drivers d1_0 where d1_0.user_id=?
Hibernate: select t1_0.id,t1_0.driver_id,t1_0.end_time,t1_0.shipment_id,t1_0.start_time,t1_0.status,t1_0.truck_id from trips t1_0 where t1_0.driver_id=? order by t1_0.start_time desc
2026-08-01T05:41:04.206+05:30  INFO 38740 --- [FLEET-SERVICE] [rap-executor-%d] c.n.d.s.r.aws.ConfigClusterResolver      : Resolving eureka endpoints via configuration
Hibernate: select d1_0.id,d1_0.fleet_company_id,d1_0.full_name,d1_0.license_no,d1_0.phone,d1_0.status,d1_0.user_id from drivers d1_0 where d1_0.user_id=?
Hibernate: select t1_0.id,t1_0.driver_id,t1_0.end_time,t1_0.shipment_id,t1_0.start_time,t1_0.status,t1_0.truck_id from trips t1_0 where t1_0.driver_id=? order by t1_0.start_time desc
Hibernate: select d1_0.id,d1_0.fleet_company_id,d1_0.full_name,d1_0.license_no,d1_0.phone,d1_0.status,d1_0.user_id from drivers d1_0 where d1_0.user_id=?
Hibernate: select t1_0.id,t1_0.driver_id,t1_0.end_time,t1_0.shipment_id,t1_0.start_time,t1_0.status,t1_0.truck_id from trips t1_0 where t1_0.driver_id=? order by t1_0.start_time desc
Hibernate: select d1_0.id,d1_0.fleet_company_id,d1_0.full_name,d1_0.license_no,d1_0.phone,d1_0.status,d1_0.user_id from drivers d1_0 where d1_0.user_id=?
Hibernate: select t1_0.id,t1_0.driver_id,t1_0.end_time,t1_0.shipment_id,t1_0.start_time,t1_0.status,t1_0.truck_id from trips t1_0 where t1_0.driver_id=? order by t1_0.start_time desc
2026-08-01T05:46:04.208+05:30  INFO 38740 --- [FLEET-SERVICE] [rap-executor-%d] c.n.d.s.r.aws.ConfigClusterResolver      : Resolving eureka endpoints via configuration
2026-08-01T05:51:04.209+05:30  INFO 38740 --- [FLEET-SERVICE] [rap-executor-%d] c.n.d.s.r.aws.ConfigClusterResolver      : Resolving eureka endpoints via configuration
Hibernate: select d1_0.id,d1_0.fleet_company_id,d1_0.full_name,d1_0.license_no,d1_0.phone,d1_0.status,d1_0.user_id from drivers d1_0 where d1_0.user_id=?
Hibernate: select d1_0.id,d1_0.fleet_company_id,d1_0.full_name,d1_0.license_no,d1_0.phone,d1_0.status,d1_0.user_id from drivers d1_0 where d1_0.user_id=?
Hibernate: select fc1_0.id,fc1_0.address,fc1_0.company_name,fc1_0.contact_phone,fc1_0.created_at,fc1_0.registration_no,fc1_0.user_id from fleet_companies fc1_0 where fc1_0.user_id=?
Hibernate: select t1_0.id,t1_0.capacity_ton,t1_0.fleet_company_id,t1_0.status,t1_0.truck_no,t1_0.truck_type from trucks t1_0 where t1_0.fleet_company_id=?
Hibernate: select d1_0.id,d1_0.fleet_company_id,d1_0.full_name,d1_0.license_no,d1_0.phone,d1_0.status,d1_0.user_id from drivers d1_0 where d1_0.fleet_company_id=? and d1_0.status=?
Hibernate: select t1_0.id,t1_0.driver_id,t1_0.end_time,t1_0.shipment_id,t1_0.start_time,t1_0.status,t1_0.truck_id from trips t1_0 where t1_0.truck_id in (?) order by t1_0.start_time desc
Hibernate: select fc1_0.id,fc1_0.address,fc1_0.company_name,fc1_0.contact_phone,fc1_0.created_at,fc1_0.registration_no,fc1_0.user_id from fleet_companies fc1_0 where fc1_0.user_id=?
Hibernate: select t1_0.id,t1_0.capacity_ton,t1_0.fleet_company_id,t1_0.status,t1_0.truck_no,t1_0.truck_type from trucks t1_0 where t1_0.fleet_company_id=?
Hibernate: select d1_0.id,d1_0.fleet_company_id,d1_0.full_name,d1_0.license_no,d1_0.phone,d1_0.status,d1_0.user_id from drivers d1_0 where d1_0.fleet_company_id=? and d1_0.status=?
Hibernate: select t1_0.id,t1_0.driver_id,t1_0.end_time,t1_0.shipment_id,t1_0.start_time,t1_0.status,t1_0.truck_id from trips t1_0 where t1_0.truck_id in (?) order by t1_0.start_time desc
Hibernate: select fc1_0.id,fc1_0.address,fc1_0.company_name,fc1_0.contact_phone,fc1_0.created_at,fc1_0.registration_no,fc1_0.user_id from fleet_companies fc1_0 where fc1_0.user_id=?
Hibernate: select t1_0.id,t1_0.capacity_ton,t1_0.fleet_company_id,t1_0.status,t1_0.truck_no,t1_0.truck_type from trucks t1_0 where t1_0.fleet_company_id=?
Hibernate: select fc1_0.id,fc1_0.address,fc1_0.company_name,fc1_0.contact_phone,fc1_0.created_at,fc1_0.registration_no,fc1_0.user_id from fleet_companies fc1_0 where fc1_0.user_id=?
Hibernate: select t1_0.id,t1_0.capacity_ton,t1_0.fleet_company_id,t1_0.status,t1_0.truck_no,t1_0.truck_type from trucks t1_0 where t1_0.fleet_company_id=?
Hibernate: select fc1_0.id,fc1_0.address,fc1_0.company_name,fc1_0.contact_phone,fc1_0.created_at,fc1_0.registration_no,fc1_0.user_id from fleet_companies fc1_0 where fc1_0.user_id=?
Hibernate: select fc1_0.id,fc1_0.address,fc1_0.company_name,fc1_0.contact_phone,fc1_0.created_at,fc1_0.registration_no,fc1_0.user_id from fleet_companies fc1_0 where fc1_0.user_id=?
Hibernate: select t1_0.id,t1_0.capacity_ton,t1_0.fleet_company_id,t1_0.status,t1_0.truck_no,t1_0.truck_type from trucks t1_0 where t1_0.fleet_company_id=?
Hibernate: select d1_0.id,d1_0.fleet_company_id,d1_0.full_name,d1_0.license_no,d1_0.phone,d1_0.status,d1_0.user_id from drivers d1_0 where d1_0.fleet_company_id=? and d1_0.status=?
Hibernate: select t1_0.id,t1_0.driver_id,t1_0.end_time,t1_0.shipment_id,t1_0.start_time,t1_0.status,t1_0.truck_id from trips t1_0 where t1_0.truck_id in (?) order by t1_0.start_time desc
Hibernate: select fc1_0.id,fc1_0.address,fc1_0.company_name,fc1_0.contact_phone,fc1_0.created_at,fc1_0.registration_no,fc1_0.user_id from fleet_companies fc1_0 where fc1_0.user_id=?
Hibernate: select fc1_0.id,fc1_0.address,fc1_0.company_name,fc1_0.contact_phone,fc1_0.created_at,fc1_0.registration_no,fc1_0.user_id from fleet_companies fc1_0 where fc1_0.user_id=?
Hibernate: select t1_0.id,t1_0.capacity_ton,t1_0.fleet_company_id,t1_0.status,t1_0.truck_no,t1_0.truck_type from trucks t1_0 where t1_0.fleet_company_id=?
Hibernate: select d1_0.id,d1_0.fleet_company_id,d1_0.full_name,d1_0.license_no,d1_0.phone,d1_0.status,d1_0.user_id from drivers d1_0 where d1_0.fleet_company_id=? and d1_0.status=?
Hibernate: select t1_0.id,t1_0.driver_id,t1_0.end_time,t1_0.shipment_id,t1_0.start_time,t1_0.status,t1_0.truck_id from trips t1_0 where t1_0.truck_id in (?) order by t1_0.start_time desc
Hibernate: select fc1_0.id,fc1_0.address,fc1_0.company_name,fc1_0.contact_phone,fc1_0.created_at,fc1_0.registration_no,fc1_0.user_id from fleet_companies fc1_0 where fc1_0.user_id=?
Hibernate: select t1_0.id,t1_0.capacity_ton,t1_0.fleet_company_id,t1_0.status,t1_0.truck_no,t1_0.truck_type from trucks t1_0 where t1_0.fleet_company_id=?
Hibernate: select ta1_0.id,ta1_0.available_capacity_ton,ta1_0.available_from,ta1_0.route_from,ta1_0.route_to,ta1_0.status,ta1_0.trip_type,ta1_0.truck_id from truck_availability ta1_0 where ta1_0.truck_id in (?) order by ta1_0.available_from desc
Hibernate: select fc1_0.id,fc1_0.address,fc1_0.company_name,fc1_0.contact_phone,fc1_0.created_at,fc1_0.registration_no,fc1_0.user_id from fleet_companies fc1_0 where fc1_0.user_id=?
Hibernate: select t1_0.id,t1_0.capacity_ton,t1_0.fleet_company_id,t1_0.status,t1_0.truck_no,t1_0.truck_type from trucks t1_0 where t1_0.fleet_company_id=?
Hibernate: select ta1_0.id,ta1_0.available_capacity_ton,ta1_0.available_from,ta1_0.route_from,ta1_0.route_to,ta1_0.status,ta1_0.trip_type,ta1_0.truck_id from truck_availability ta1_0 where ta1_0.truck_id in (?) order by ta1_0.available_from desc
Hibernate: select fc1_0.id,fc1_0.address,fc1_0.company_name,fc1_0.contact_phone,fc1_0.created_at,fc1_0.registration_no,fc1_0.user_id from fleet_companies fc1_0 where fc1_0.user_id=?
Hibernate: select t1_0.id,t1_0.capacity_ton,t1_0.fleet_company_id,t1_0.status,t1_0.truck_no,t1_0.truck_type from trucks t1_0 where t1_0.fleet_company_id=?
Hibernate: select fc1_0.id,fc1_0.address,fc1_0.company_name,fc1_0.contact_phone,fc1_0.created_at,fc1_0.registration_no,fc1_0.user_id from fleet_companies fc1_0 where fc1_0.user_id=?
Hibernate: select fc1_0.id,fc1_0.address,fc1_0.company_name,fc1_0.contact_phone,fc1_0.created_at,fc1_0.registration_no,fc1_0.user_id from fleet_companies fc1_0 where fc1_0.user_id=?
2026-08-01T05:56:04.211+05:30  INFO 38740 --- [FLEET-SERVICE] [rap-executor-%d] c.n.d.s.r.aws.ConfigClusterResolver      : Resolving eureka endpoints via configuration
Hibernate: select d1_0.id,d1_0.fleet_company_id,d1_0.full_name,d1_0.license_no,d1_0.phone,d1_0.status,d1_0.user_id from drivers d1_0 where d1_0.user_id=?
Hibernate: select d1_0.id,d1_0.fleet_company_id,d1_0.full_name,d1_0.license_no,d1_0.phone,d1_0.status,d1_0.user_id from drivers d1_0 where d1_0.user_id=?
Hibernate: select d1_0.id,d1_0.fleet_company_id,d1_0.full_name,d1_0.license_no,d1_0.phone,d1_0.status,d1_0.user_id from drivers d1_0 where d1_0.user_id=?
Hibernate: select d1_0.id,d1_0.fleet_company_id,d1_0.full_name,d1_0.license_no,d1_0.phone,d1_0.status,d1_0.user_id from drivers d1_0 where d1_0.user_id=?
Hibernate: select d1_0.id,d1_0.fleet_company_id,d1_0.full_name,d1_0.license_no,d1_0.phone,d1_0.status,d1_0.user_id from drivers d1_0 where d1_0.user_id=?
Hibernate: select t1_0.id,t1_0.driver_id,t1_0.end_time,t1_0.shipment_id,t1_0.start_time,t1_0.status,t1_0.truck_id from trips t1_0 where t1_0.driver_id=? order by t1_0.start_time desc
Hibernate: select d1_0.id,d1_0.fleet_company_id,d1_0.full_name,d1_0.license_no,d1_0.phone,d1_0.status,d1_0.user_id from drivers d1_0 where d1_0.user_id=?
Hibernate: select t1_0.id,t1_0.driver_id,t1_0.end_time,t1_0.shipment_id,t1_0.start_time,t1_0.status,t1_0.truck_id from trips t1_0 where t1_0.driver_id=? order by t1_0.start_time desc
Hibernate: select d1_0.id,d1_0.fleet_company_id,d1_0.full_name,d1_0.license_no,d1_0.phone,d1_0.status,d1_0.user_id from drivers d1_0 where d1_0.user_id=?
Hibernate: select t1_0.id,t1_0.driver_id,t1_0.end_time,t1_0.shipment_id,t1_0.start_time,t1_0.status,t1_0.truck_id from trips t1_0 where t1_0.driver_id=? order by t1_0.start_time desc
Hibernate: select d1_0.id,d1_0.fleet_company_id,d1_0.full_name,d1_0.license_no,d1_0.phone,d1_0.status,d1_0.user_id from drivers d1_0 where d1_0.user_id=?
Hibernate: select t1_0.id,t1_0.driver_id,t1_0.end_time,t1_0.shipment_id,t1_0.start_time,t1_0.status,t1_0.truck_id from trips t1_0 where t1_0.id=?
Hibernate: update trips set driver_id=?,end_time=?,shipment_id=?,start_time=?,status=?,truck_id=? where id=?
Hibernate: select d1_0.id,d1_0.fleet_company_id,d1_0.full_name,d1_0.license_no,d1_0.phone,d1_0.status,d1_0.user_id from drivers d1_0 where d1_0.user_id=?
Hibernate: select t1_0.id,t1_0.driver_id,t1_0.end_time,t1_0.shipment_id,t1_0.start_time,t1_0.status,t1_0.truck_id from trips t1_0 where t1_0.driver_id=? order by t1_0.start_time desc
Hibernate: select d1_0.id,d1_0.fleet_company_id,d1_0.full_name,d1_0.license_no,d1_0.phone,d1_0.status,d1_0.user_id from drivers d1_0 where d1_0.user_id=?
Hibernate: select t1_0.id,t1_0.driver_id,t1_0.end_time,t1_0.shipment_id,t1_0.start_time,t1_0.status,t1_0.truck_id from trips t1_0 where t1_0.driver_id=? order by t1_0.start_time desc
Hibernate: select d1_0.id,d1_0.fleet_company_id,d1_0.full_name,d1_0.license_no,d1_0.phone,d1_0.status,d1_0.user_id from drivers d1_0 where d1_0.user_id=?
Hibernate: select t1_0.id,t1_0.driver_id,t1_0.end_time,t1_0.shipment_id,t1_0.start_time,t1_0.status,t1_0.truck_id from trips t1_0 where t1_0.driver_id=? order by t1_0.start_time desc
Hibernate: select d1_0.id,d1_0.fleet_company_id,d1_0.full_name,d1_0.license_no,d1_0.phone,d1_0.status,d1_0.user_id from drivers d1_0 where d1_0.user_id=?
Hibernate: select t1_0.id,t1_0.driver_id,t1_0.end_time,t1_0.shipment_id,t1_0.start_time,t1_0.status,t1_0.truck_id from trips t1_0 where t1_0.driver_id=? order by t1_0.start_time desc
Hibernate: select fc1_0.id,fc1_0.address,fc1_0.company_name,fc1_0.contact_phone,fc1_0.created_at,fc1_0.registration_no,fc1_0.user_id from fleet_companies fc1_0 where fc1_0.user_id=?
Hibernate: select fc1_0.id,fc1_0.address,fc1_0.company_name,fc1_0.contact_phone,fc1_0.created_at,fc1_0.registration_no,fc1_0.user_id from fleet_companies fc1_0 where fc1_0.user_id=?
Hibernate: select t1_0.id,t1_0.capacity_ton,t1_0.fleet_company_id,t1_0.status,t1_0.truck_no,t1_0.truck_type from trucks t1_0 where t1_0.fleet_company_id=?
Hibernate: select t1_0.id,t1_0.capacity_ton,t1_0.fleet_company_id,t1_0.status,t1_0.truck_no,t1_0.truck_type from trucks t1_0 where t1_0.fleet_company_id=?
Hibernate: select fc1_0.id,fc1_0.address,fc1_0.company_name,fc1_0.contact_phone,fc1_0.created_at,fc1_0.registration_no,fc1_0.user_id from fleet_companies fc1_0 where fc1_0.user_id=?
Hibernate: select t1_0.id,t1_0.capacity_ton,t1_0.fleet_company_id,t1_0.status,t1_0.truck_no,t1_0.truck_type from trucks t1_0 where t1_0.fleet_company_id=?
Hibernate: select fc1_0.id,fc1_0.address,fc1_0.company_name,fc1_0.contact_phone,fc1_0.created_at,fc1_0.registration_no,fc1_0.user_id from fleet_companies fc1_0 where fc1_0.user_id=?
Hibernate: select t1_0.id,t1_0.capacity_ton,t1_0.fleet_company_id,t1_0.status,t1_0.truck_no,t1_0.truck_type from trucks t1_0 where t1_0.fleet_company_id=?
Hibernate: select d1_0.id,d1_0.fleet_company_id,d1_0.full_name,d1_0.license_no,d1_0.phone,d1_0.status,d1_0.user_id from drivers d1_0 where d1_0.user_id=?
Hibernate: select t1_0.id,t1_0.driver_id,t1_0.end_time,t1_0.shipment_id,t1_0.start_time,t1_0.status,t1_0.truck_id from trips t1_0 where t1_0.driver_id=? order by t1_0.start_time desc
Hibernate: select d1_0.id,d1_0.fleet_company_id,d1_0.full_name,d1_0.license_no,d1_0.phone,d1_0.status,d1_0.user_id from drivers d1_0 where d1_0.user_id=?
Hibernate: select t1_0.id,t1_0.driver_id,t1_0.end_time,t1_0.shipment_id,t1_0.start_time,t1_0.status,t1_0.truck_id from trips t1_0 where t1_0.driver_id=? order by t1_0.start_time desc
Hibernate: select d1_0.id,d1_0.fleet_company_id,d1_0.full_name,d1_0.license_no,d1_0.phone,d1_0.status,d1_0.user_id from drivers d1_0 where d1_0.user_id=?
Hibernate: select t1_0.id,t1_0.driver_id,t1_0.end_time,t1_0.shipment_id,t1_0.start_time,t1_0.status,t1_0.truck_id from trips t1_0 where t1_0.driver_id=? order by t1_0.start_time desc
Hibernate: select d1_0.id,d1_0.fleet_company_id,d1_0.full_name,d1_0.license_no,d1_0.phone,d1_0.status,d1_0.user_id from drivers d1_0 where d1_0.user_id=?
Hibernate: select t1_0.id,t1_0.driver_id,t1_0.end_time,t1_0.shipment_id,t1_0.start_time,t1_0.status,t1_0.truck_id from trips t1_0 where t1_0.driver_id=? order by t1_0.start_time desc
Hibernate: select fc1_0.id,fc1_0.address,fc1_0.company_name,fc1_0.contact_phone,fc1_0.created_at,fc1_0.registration_no,fc1_0.user_id from fleet_companies fc1_0 where fc1_0.user_id=?
Hibernate: select fc1_0.id,fc1_0.address,fc1_0.company_name,fc1_0.contact_phone,fc1_0.created_at,fc1_0.registration_no,fc1_0.user_id from fleet_companies fc1_0 where fc1_0.user_id=?
Hibernate: select t1_0.id,t1_0.capacity_ton,t1_0.fleet_company_id,t1_0.status,t1_0.truck_no,t1_0.truck_type from trucks t1_0 where t1_0.fleet_company_id=?
Hibernate: select t1_0.id,t1_0.capacity_ton,t1_0.fleet_company_id,t1_0.status,t1_0.truck_no,t1_0.truck_type from trucks t1_0 where t1_0.fleet_company_id=?
Hibernate: select fc1_0.id,fc1_0.address,fc1_0.company_name,fc1_0.contact_phone,fc1_0.created_at,fc1_0.registration_no,fc1_0.user_id from fleet_companies fc1_0 where fc1_0.user_id=?
Hibernate: select t1_0.id,t1_0.capacity_ton,t1_0.fleet_company_id,t1_0.status,t1_0.truck_no,t1_0.truck_type from trucks t1_0 where t1_0.fleet_company_id=?
Hibernate: select d1_0.id,d1_0.fleet_company_id,d1_0.full_name,d1_0.license_no,d1_0.phone,d1_0.status,d1_0.user_id from drivers d1_0 where d1_0.fleet_company_id=? and d1_0.status=?
Hibernate: select t1_0.id,t1_0.driver_id,t1_0.end_time,t1_0.shipment_id,t1_0.start_time,t1_0.status,t1_0.truck_id from trips t1_0 where t1_0.truck_id in (?) order by t1_0.start_time desc
Hibernate: select fc1_0.id,fc1_0.address,fc1_0.company_name,fc1_0.contact_phone,fc1_0.created_at,fc1_0.registration_no,fc1_0.user_id from fleet_companies fc1_0 where fc1_0.user_id=?
Hibernate: select t1_0.id,t1_0.capacity_ton,t1_0.fleet_company_id,t1_0.status,t1_0.truck_no,t1_0.truck_type from trucks t1_0 where t1_0.fleet_company_id=?
Hibernate: select d1_0.id,d1_0.fleet_company_id,d1_0.full_name,d1_0.license_no,d1_0.phone,d1_0.status,d1_0.user_id from drivers d1_0 where d1_0.fleet_company_id=? and d1_0.status=?
Hibernate: select t1_0.id,t1_0.driver_id,t1_0.end_time,t1_0.shipment_id,t1_0.start_time,t1_0.status,t1_0.truck_id from trips t1_0 where t1_0.truck_id in (?) order by t1_0.start_time desc
Hibernate: select d1_0.id,d1_0.fleet_company_id,d1_0.full_name,d1_0.license_no,d1_0.phone,d1_0.status,d1_0.user_id from drivers d1_0 where d1_0.user_id=?
Hibernate: select t1_0.id,t1_0.driver_id,t1_0.end_time,t1_0.shipment_id,t1_0.start_time,t1_0.status,t1_0.truck_id from trips t1_0 where t1_0.driver_id=? order by t1_0.start_time desc
Hibernate: select fc1_0.id,fc1_0.address,fc1_0.company_name,fc1_0.contact_phone,fc1_0.created_at,fc1_0.registration_no,fc1_0.user_id from fleet_companies fc1_0 where fc1_0.user_id=?
Hibernate: select t1_0.id,t1_0.capacity_ton,t1_0.fleet_company_id,t1_0.status,t1_0.truck_no,t1_0.truck_type from trucks t1_0 where t1_0.fleet_company_id=?
Hibernate: select fc1_0.id,fc1_0.address,fc1_0.company_name,fc1_0.contact_phone,fc1_0.created_at,fc1_0.registration_no,fc1_0.user_id from fleet_companies fc1_0 where fc1_0.user_id=?
Hibernate: select t1_0.id,t1_0.capacity_ton,t1_0.fleet_company_id,t1_0.status,t1_0.truck_no,t1_0.truck_type from trucks t1_0 where t1_0.fleet_company_id=?
Hibernate: select fc1_0.id,fc1_0.address,fc1_0.company_name,fc1_0.contact_phone,fc1_0.created_at,fc1_0.registration_no,fc1_0.user_id from fleet_companies fc1_0 where fc1_0.user_id=?
Hibernate: select t1_0.id,t1_0.capacity_ton,t1_0.fleet_company_id,t1_0.status,t1_0.truck_no,t1_0.truck_type from trucks t1_0 where t1_0.fleet_company_id=?
Hibernate: select fc1_0.id,fc1_0.address,fc1_0.company_name,fc1_0.contact_phone,fc1_0.created_at,fc1_0.registration_no,fc1_0.user_id from fleet_companies fc1_0 where fc1_0.user_id=?
Hibernate: select t1_0.id,t1_0.capacity_ton,t1_0.fleet_company_id,t1_0.status,t1_0.truck_no,t1_0.truck_type from trucks t1_0 where t1_0.fleet_company_id=?
Hibernate: select d1_0.id,d1_0.fleet_company_id,d1_0.full_name,d1_0.license_no,d1_0.phone,d1_0.status,d1_0.user_id from drivers d1_0 where d1_0.user_id=?
Hibernate: select t1_0.id,t1_0.driver_id,t1_0.end_time,t1_0.shipment_id,t1_0.start_time,t1_0.status,t1_0.truck_id from trips t1_0 where t1_0.driver_id=? order by t1_0.start_time desc
Hibernate: select d1_0.id,d1_0.fleet_company_id,d1_0.full_name,d1_0.license_no,d1_0.phone,d1_0.status,d1_0.user_id from drivers d1_0 where d1_0.user_id=?
Hibernate: select t1_0.id,t1_0.driver_id,t1_0.end_time,t1_0.shipment_id,t1_0.start_time,t1_0.status,t1_0.truck_id from trips t1_0 where t1_0.driver_id=? order by t1_0.start_time desc
Hibernate: select d1_0.id,d1_0.fleet_company_id,d1_0.full_name,d1_0.license_no,d1_0.phone,d1_0.status,d1_0.user_id from drivers d1_0 where d1_0.user_id=?
Hibernate: select t1_0.id,t1_0.driver_id,t1_0.end_time,t1_0.shipment_id,t1_0.start_time,t1_0.status,t1_0.truck_id from trips t1_0 where t1_0.driver_id=? order by t1_0.start_time desc
Hibernate: select fc1_0.id,fc1_0.address,fc1_0.company_name,fc1_0.contact_phone,fc1_0.created_at,fc1_0.registration_no,fc1_0.user_id from fleet_companies fc1_0 where fc1_0.user_id=?
Hibernate: select fc1_0.id,fc1_0.address,fc1_0.company_name,fc1_0.contact_phone,fc1_0.created_at,fc1_0.registration_no,fc1_0.user_id from fleet_companies fc1_0 where fc1_0.user_id=?
Hibernate: select d1_0.id,d1_0.fleet_company_id,d1_0.full_name,d1_0.license_no,d1_0.phone,d1_0.status,d1_0.user_id from drivers d1_0 where d1_0.fleet_company_id=? and d1_0.status=?
Hibernate: select t1_0.id,t1_0.capacity_ton,t1_0.fleet_company_id,t1_0.status,t1_0.truck_no,t1_0.truck_type from trucks t1_0 where t1_0.fleet_company_id=?
Hibernate: select t1_0.id,t1_0.driver_id,t1_0.end_time,t1_0.shipment_id,t1_0.start_time,t1_0.status,t1_0.truck_id from trips t1_0 where t1_0.truck_id in (?) order by t1_0.start_time desc
Hibernate: select fc1_0.id,fc1_0.address,fc1_0.company_name,fc1_0.contact_phone,fc1_0.created_at,fc1_0.registration_no,fc1_0.user_id from fleet_companies fc1_0 where fc1_0.user_id=?
Hibernate: select fc1_0.id,fc1_0.address,fc1_0.company_name,fc1_0.contact_phone,fc1_0.created_at,fc1_0.registration_no,fc1_0.user_id from fleet_companies fc1_0 where fc1_0.user_id=?
Hibernate: select d1_0.id,d1_0.fleet_company_id,d1_0.full_name,d1_0.license_no,d1_0.phone,d1_0.status,d1_0.user_id from drivers d1_0 where d1_0.fleet_company_id=? and d1_0.status=?
Hibernate: select t1_0.id,t1_0.capacity_ton,t1_0.fleet_company_id,t1_0.status,t1_0.truck_no,t1_0.truck_type from trucks t1_0 where t1_0.fleet_company_id=?
Hibernate: select t1_0.id,t1_0.driver_id,t1_0.end_time,t1_0.shipment_id,t1_0.start_time,t1_0.status,t1_0.truck_id from trips t1_0 where t1_0.truck_id in (?) order by t1_0.start_time desc
Hibernate: select d1_0.id,d1_0.fleet_company_id,d1_0.full_name,d1_0.license_no,d1_0.phone,d1_0.status,d1_0.user_id from drivers d1_0 where d1_0.user_id=?
Hibernate: select t1_0.id,t1_0.driver_id,t1_0.end_time,t1_0.shipment_id,t1_0.start_time,t1_0.status,t1_0.truck_id from trips t1_0 where t1_0.driver_id=? order by t1_0.start_time desc
Hibernate: select d1_0.id,d1_0.fleet_company_id,d1_0.full_name,d1_0.license_no,d1_0.phone,d1_0.status,d1_0.user_id from drivers d1_0 where d1_0.user_id=?
Hibernate: select t1_0.id,t1_0.driver_id,t1_0.end_time,t1_0.shipment_id,t1_0.start_time,t1_0.status,t1_0.truck_id from trips t1_0 where t1_0.driver_id=? order by t1_0.start_time desc
Hibernate: select d1_0.id,d1_0.fleet_company_id,d1_0.full_name,d1_0.license_no,d1_0.phone,d1_0.status,d1_0.user_id from drivers d1_0 where d1_0.user_id=?
Hibernate: select t1_0.id,t1_0.driver_id,t1_0.end_time,t1_0.shipment_id,t1_0.start_time,t1_0.status,t1_0.truck_id from trips t1_0 where t1_0.driver_id=? order by t1_0.start_time desc
Hibernate: select fc1_0.id,fc1_0.address,fc1_0.company_name,fc1_0.contact_phone,fc1_0.created_at,fc1_0.registration_no,fc1_0.user_id from fleet_companies fc1_0 where fc1_0.user_id=?
Hibernate: select fc1_0.id,fc1_0.address,fc1_0.company_name,fc1_0.contact_phone,fc1_0.created_at,fc1_0.registration_no,fc1_0.user_id from fleet_companies fc1_0 where fc1_0.user_id=?
Hibernate: select d1_0.id,d1_0.fleet_company_id,d1_0.full_name,d1_0.license_no,d1_0.phone,d1_0.status,d1_0.user_id from drivers d1_0 where d1_0.fleet_company_id=? and d1_0.status=?
Hibernate: select t1_0.id,t1_0.capacity_ton,t1_0.fleet_company_id,t1_0.status,t1_0.truck_no,t1_0.truck_type from trucks t1_0 where t1_0.fleet_company_id=?
Hibernate: select t1_0.id,t1_0.driver_id,t1_0.end_time,t1_0.shipment_id,t1_0.start_time,t1_0.status,t1_0.truck_id from trips t1_0 where t1_0.truck_id in (?) order by t1_0.start_time desc
Hibernate: select fc1_0.id,fc1_0.address,fc1_0.company_name,fc1_0.contact_phone,fc1_0.created_at,fc1_0.registration_no,fc1_0.user_id from fleet_companies fc1_0 where fc1_0.user_id=?
Hibernate: select d1_0.id,d1_0.fleet_company_id,d1_0.full_name,d1_0.license_no,d1_0.phone,d1_0.status,d1_0.user_id from drivers d1_0 where d1_0.fleet_company_id=? and d1_0.status=?
Hibernate: select fc1_0.id,fc1_0.address,fc1_0.company_name,fc1_0.contact_phone,fc1_0.created_at,fc1_0.registration_no,fc1_0.user_id from fleet_companies fc1_0 where fc1_0.user_id=?
Hibernate: select t1_0.id,t1_0.capacity_ton,t1_0.fleet_company_id,t1_0.status,t1_0.truck_no,t1_0.truck_type from trucks t1_0 where t1_0.fleet_company_id=?
Hibernate: select t1_0.id,t1_0.driver_id,t1_0.end_time,t1_0.shipment_id,t1_0.start_time,t1_0.status,t1_0.truck_id from trips t1_0 where t1_0.truck_id in (?) order by t1_0.start_time desc
Hibernate: select d1_0.id,d1_0.fleet_company_id,d1_0.full_name,d1_0.license_no,d1_0.phone,d1_0.status,d1_0.user_id from drivers d1_0 where d1_0.user_id=?
Hibernate: select t1_0.id,t1_0.driver_id,t1_0.end_time,t1_0.shipment_id,t1_0.start_time,t1_0.status,t1_0.truck_id from trips t1_0 where t1_0.driver_id=? order by t1_0.start_time desc
Hibernate: select d1_0.id,d1_0.fleet_company_id,d1_0.full_name,d1_0.license_no,d1_0.phone,d1_0.status,d1_0.user_id from drivers d1_0 where d1_0.user_id=?
Hibernate: select t1_0.id,t1_0.driver_id,t1_0.end_time,t1_0.shipment_id,t1_0.start_time,t1_0.status,t1_0.truck_id from trips t1_0 where t1_0.driver_id=? order by t1_0.start_time desc
Hibernate: select d1_0.id,d1_0.fleet_company_id,d1_0.full_name,d1_0.license_no,d1_0.phone,d1_0.status,d1_0.user_id from drivers d1_0 where d1_0.user_id=?
Hibernate: select t1_0.id,t1_0.driver_id,t1_0.end_time,t1_0.shipment_id,t1_0.start_time,t1_0.status,t1_0.truck_id from trips t1_0 where t1_0.driver_id=? order by t1_0.start_time desc
Hibernate: select d1_0.id,d1_0.fleet_company_id,d1_0.full_name,d1_0.license_no,d1_0.phone,d1_0.status,d1_0.user_id from drivers d1_0 where d1_0.user_id=?
Hibernate: select t1_0.id,t1_0.driver_id,t1_0.end_time,t1_0.shipment_id,t1_0.start_time,t1_0.status,t1_0.truck_id from trips t1_0 where t1_0.driver_id=? order by t1_0.start_time desc
Hibernate: select d1_0.id,d1_0.fleet_company_id,d1_0.full_name,d1_0.license_no,d1_0.phone,d1_0.status,d1_0.user_id from drivers d1_0 where d1_0.user_id=?
Hibernate: select t1_0.id,t1_0.driver_id,t1_0.end_time,t1_0.shipment_id,t1_0.start_time,t1_0.status,t1_0.truck_id from trips t1_0 where t1_0.driver_id=? order by t1_0.start_time desc
Hibernate: select d1_0.id,d1_0.fleet_company_id,d1_0.full_name,d1_0.license_no,d1_0.phone,d1_0.status,d1_0.user_id from drivers d1_0 where d1_0.user_id=?
Hibernate: select t1_0.id,t1_0.driver_id,t1_0.end_time,t1_0.shipment_id,t1_0.start_time,t1_0.status,t1_0.truck_id from trips t1_0 where t1_0.driver_id=? order by t1_0.start_time desc
Hibernate: select d1_0.id,d1_0.fleet_company_id,d1_0.full_name,d1_0.license_no,d1_0.phone,d1_0.status,d1_0.user_id from drivers d1_0 where d1_0.user_id=?
Hibernate: select t1_0.id,t1_0.driver_id,t1_0.end_time,t1_0.shipment_id,t1_0.start_time,t1_0.status,t1_0.truck_id from trips t1_0 where t1_0.driver_id=? order by t1_0.start_time desc
Hibernate: select d1_0.id,d1_0.fleet_company_id,d1_0.full_name,d1_0.license_no,d1_0.phone,d1_0.status,d1_0.user_id from drivers d1_0 where d1_0.user_id=?
Hibernate: select t1_0.id,t1_0.driver_id,t1_0.end_time,t1_0.shipment_id,t1_0.start_time,t1_0.status,t1_0.truck_id from trips t1_0 where t1_0.driver_id=? order by t1_0.start_time desc
Hibernate: select fc1_0.id,fc1_0.address,fc1_0.company_name,fc1_0.contact_phone,fc1_0.created_at,fc1_0.registration_no,fc1_0.user_id from fleet_companies fc1_0 where fc1_0.user_id=?
Hibernate: select t1_0.id,t1_0.capacity_ton,t1_0.fleet_company_id,t1_0.status,t1_0.truck_no,t1_0.truck_type from trucks t1_0 where t1_0.fleet_company_id=?
Hibernate: select fc1_0.id,fc1_0.address,fc1_0.company_name,fc1_0.contact_phone,fc1_0.created_at,fc1_0.registration_no,fc1_0.user_id from fleet_companies fc1_0 where fc1_0.user_id=?
Hibernate: select t1_0.id,t1_0.capacity_ton,t1_0.fleet_company_id,t1_0.status,t1_0.truck_no,t1_0.truck_type from trucks t1_0 where t1_0.fleet_company_id=?
Hibernate: select fc1_0.id,fc1_0.address,fc1_0.company_name,fc1_0.contact_phone,fc1_0.created_at,fc1_0.registration_no,fc1_0.user_id from fleet_companies fc1_0 where fc1_0.user_id=?
Hibernate: select t1_0.id,t1_0.capacity_ton,t1_0.fleet_company_id,t1_0.status,t1_0.truck_no,t1_0.truck_type from trucks t1_0 where t1_0.fleet_company_id=?
Hibernate: select fc1_0.id,fc1_0.address,fc1_0.company_name,fc1_0.contact_phone,fc1_0.created_at,fc1_0.registration_no,fc1_0.user_id from fleet_companies fc1_0 where fc1_0.user_id=?
Hibernate: select t1_0.id,t1_0.capacity_ton,t1_0.fleet_company_id,t1_0.status,t1_0.truck_no,t1_0.truck_type from trucks t1_0 where t1_0.fleet_company_id=?
Hibernate: select fc1_0.id,fc1_0.address,fc1_0.company_name,fc1_0.contact_phone,fc1_0.created_at,fc1_0.registration_no,fc1_0.user_id from fleet_companies fc1_0 where fc1_0.user_id=?
Hibernate: select t1_0.id,t1_0.capacity_ton,t1_0.fleet_company_id,t1_0.status,t1_0.truck_no,t1_0.truck_type from trucks t1_0 where t1_0.fleet_company_id=?
Hibernate: select count(t1_0.id) from trips t1_0 where t1_0.truck_id in (?)
Hibernate: select sum(ta1_0.available_capacity_ton) from truck_availability ta1_0 where ta1_0.truck_id in (?) and ta1_0.status=?
Hibernate: select fc1_0.id,fc1_0.address,fc1_0.company_name,fc1_0.contact_phone,fc1_0.created_at,fc1_0.registration_no,fc1_0.user_id from fleet_companies fc1_0 where fc1_0.user_id=?
Hibernate: select t1_0.id,t1_0.capacity_ton,t1_0.fleet_company_id,t1_0.status,t1_0.truck_no,t1_0.truck_type from trucks t1_0 where t1_0.fleet_company_id=?
Hibernate: select count(t1_0.id) from trips t1_0 where t1_0.truck_id in (?)
Hibernate: select sum(ta1_0.available_capacity_ton) from truck_availability ta1_0 where ta1_0.truck_id in (?) and ta1_0.status=?
Hibernate: select fc1_0.id,fc1_0.address,fc1_0.company_name,fc1_0.contact_phone,fc1_0.created_at,fc1_0.registration_no,fc1_0.user_id from fleet_companies fc1_0 where fc1_0.user_id=?
Hibernate: select fc1_0.id,fc1_0.address,fc1_0.company_name,fc1_0.contact_phone,fc1_0.created_at,fc1_0.registration_no,fc1_0.user_id from fleet_companies fc1_0 where fc1_0.user_id=?
Hibernate: select fc1_0.id,fc1_0.address,fc1_0.company_name,fc1_0.contact_phone,fc1_0.created_at,fc1_0.registration_no,fc1_0.user_id from fleet_companies fc1_0 where fc1_0.user_id=?
Hibernate: select fc1_0.id,fc1_0.address,fc1_0.company_name,fc1_0.contact_phone,fc1_0.created_at,fc1_0.registration_no,fc1_0.user_id from fleet_companies fc1_0 where fc1_0.user_id=?
Hibernate: select fc1_0.id,fc1_0.address,fc1_0.company_name,fc1_0.contact_phone,fc1_0.created_at,fc1_0.registration_no,fc1_0.user_id from fleet_companies fc1_0 where fc1_0.user_id=?
Hibernate: select fc1_0.id,fc1_0.address,fc1_0.company_name,fc1_0.contact_phone,fc1_0.created_at,fc1_0.registration_no,fc1_0.user_id from fleet_companies fc1_0 where fc1_0.user_id=?
Hibernate: select fc1_0.id,fc1_0.address,fc1_0.company_name,fc1_0.contact_phone,fc1_0.created_at,fc1_0.registration_no,fc1_0.user_id from fleet_companies fc1_0 where fc1_0.user_id=?
Hibernate: select fc1_0.id,fc1_0.address,fc1_0.company_name,fc1_0.contact_phone,fc1_0.created_at,fc1_0.registration_no,fc1_0.user_id from fleet_companies fc1_0 where fc1_0.user_id=?
Hibernate: select fc1_0.id,fc1_0.address,fc1_0.company_name,fc1_0.contact_phone,fc1_0.created_at,fc1_0.registration_no,fc1_0.user_id from fleet_companies fc1_0 where fc1_0.user_id=?
Hibernate: select t1_0.id,t1_0.capacity_ton,t1_0.fleet_company_id,t1_0.status,t1_0.truck_no,t1_0.truck_type from trucks t1_0 where t1_0.fleet_company_id=?
Hibernate: select ta1_0.id,ta1_0.available_capacity_ton,ta1_0.available_from,ta1_0.route_from,ta1_0.route_to,ta1_0.status,ta1_0.trip_type,ta1_0.truck_id from truck_availability ta1_0 where ta1_0.truck_id in (?) order by ta1_0.available_from desc
Hibernate: select fc1_0.id,fc1_0.address,fc1_0.company_name,fc1_0.contact_phone,fc1_0.created_at,fc1_0.registration_no,fc1_0.user_id from fleet_companies fc1_0 where fc1_0.user_id=?
Hibernate: select t1_0.id,t1_0.capacity_ton,t1_0.fleet_company_id,t1_0.status,t1_0.truck_no,t1_0.truck_type from trucks t1_0 where t1_0.fleet_company_id=?
Hibernate: select ta1_0.id,ta1_0.available_capacity_ton,ta1_0.available_from,ta1_0.route_from,ta1_0.route_to,ta1_0.status,ta1_0.trip_type,ta1_0.truck_id from truck_availability ta1_0 where ta1_0.truck_id in (?) order by ta1_0.available_from desc
Hibernate: select fc1_0.id,fc1_0.address,fc1_0.company_name,fc1_0.contact_phone,fc1_0.created_at,fc1_0.registration_no,fc1_0.user_id from fleet_companies fc1_0 where fc1_0.user_id=?
Hibernate: select fc1_0.id,fc1_0.address,fc1_0.company_name,fc1_0.contact_phone,fc1_0.created_at,fc1_0.registration_no,fc1_0.user_id from fleet_companies fc1_0 where fc1_0.user_id=?
Hibernate: select d1_0.id,d1_0.fleet_company_id,d1_0.full_name,d1_0.license_no,d1_0.phone,d1_0.status,d1_0.user_id from drivers d1_0 where d1_0.fleet_company_id=? and d1_0.status=?
Hibernate: select t1_0.id,t1_0.capacity_ton,t1_0.fleet_company_id,t1_0.status,t1_0.truck_no,t1_0.truck_type from trucks t1_0 where t1_0.fleet_company_id=?
Hibernate: select t1_0.id,t1_0.driver_id,t1_0.end_time,t1_0.shipment_id,t1_0.start_time,t1_0.status,t1_0.truck_id from trips t1_0 where t1_0.truck_id in (?) order by t1_0.start_time desc
Hibernate: select fc1_0.id,fc1_0.address,fc1_0.company_name,fc1_0.contact_phone,fc1_0.created_at,fc1_0.registration_no,fc1_0.user_id from fleet_companies fc1_0 where fc1_0.user_id=?
Hibernate: select fc1_0.id,fc1_0.address,fc1_0.company_name,fc1_0.contact_phone,fc1_0.created_at,fc1_0.registration_no,fc1_0.user_id from fleet_companies fc1_0 where fc1_0.user_id=?
Hibernate: select d1_0.id,d1_0.fleet_company_id,d1_0.full_name,d1_0.license_no,d1_0.phone,d1_0.status,d1_0.user_id from drivers d1_0 where d1_0.fleet_company_id=? and d1_0.status=?
Hibernate: select t1_0.id,t1_0.capacity_ton,t1_0.fleet_company_id,t1_0.status,t1_0.truck_no,t1_0.truck_type from trucks t1_0 where t1_0.fleet_company_id=?
Hibernate: select t1_0.id,t1_0.driver_id,t1_0.end_time,t1_0.shipment_id,t1_0.start_time,t1_0.status,t1_0.truck_id from trips t1_0 where t1_0.truck_id in (?) order by t1_0.start_time desc
Hibernate: select fc1_0.id,fc1_0.address,fc1_0.company_name,fc1_0.contact_phone,fc1_0.created_at,fc1_0.registration_no,fc1_0.user_id from fleet_companies fc1_0 where fc1_0.user_id=?
Hibernate: select d1_0.id,d1_0.fleet_company_id,d1_0.full_name,d1_0.license_no,d1_0.phone,d1_0.status,d1_0.user_id from drivers d1_0 where d1_0.fleet_company_id=?
Hibernate: select fc1_0.id,fc1_0.address,fc1_0.company_name,fc1_0.contact_phone,fc1_0.created_at,fc1_0.registration_no,fc1_0.user_id from fleet_companies fc1_0 where fc1_0.user_id=?
Hibernate: select d1_0.id,d1_0.fleet_company_id,d1_0.full_name,d1_0.license_no,d1_0.phone,d1_0.status,d1_0.user_id from drivers d1_0 where d1_0.fleet_company_id=?
Hibernate: select fc1_0.id,fc1_0.address,fc1_0.company_name,fc1_0.contact_phone,fc1_0.created_at,fc1_0.registration_no,fc1_0.user_id from fleet_companies fc1_0 where fc1_0.user_id=?
Hibernate: select t1_0.id,t1_0.capacity_ton,t1_0.fleet_company_id,t1_0.status,t1_0.truck_no,t1_0.truck_type from trucks t1_0 where t1_0.fleet_company_id=?
Hibernate: select fc1_0.id,fc1_0.address,fc1_0.company_name,fc1_0.contact_phone,fc1_0.created_at,fc1_0.registration_no,fc1_0.user_id from fleet_companies fc1_0 where fc1_0.user_id=?
Hibernate: select t1_0.id,t1_0.capacity_ton,t1_0.fleet_company_id,t1_0.status,t1_0.truck_no,t1_0.truck_type from trucks t1_0 where t1_0.fleet_company_id=?
Hibernate: select d1_0.id,d1_0.fleet_company_id,d1_0.full_name,d1_0.license_no,d1_0.phone,d1_0.status,d1_0.user_id from drivers d1_0 where d1_0.user_id=?
Hibernate: select t1_0.id,t1_0.driver_id,t1_0.end_time,t1_0.shipment_id,t1_0.start_time,t1_0.status,t1_0.truck_id from trips t1_0 where t1_0.driver_id=? order by t1_0.start_time desc
Hibernate: select d1_0.id,d1_0.fleet_company_id,d1_0.full_name,d1_0.license_no,d1_0.phone,d1_0.status,d1_0.user_id from drivers d1_0 where d1_0.user_id=?
Hibernate: select t1_0.id,t1_0.driver_id,t1_0.end_time,t1_0.shipment_id,t1_0.start_time,t1_0.status,t1_0.truck_id from trips t1_0 where t1_0.driver_id=? order by t1_0.start_time desc
Hibernate: select d1_0.id,d1_0.fleet_company_id,d1_0.full_name,d1_0.license_no,d1_0.phone,d1_0.status,d1_0.user_id from drivers d1_0 where d1_0.user_id=?
Hibernate: select t1_0.id,t1_0.driver_id,t1_0.end_time,t1_0.shipment_id,t1_0.start_time,t1_0.status,t1_0.truck_id from trips t1_0 where t1_0.driver_id=? order by t1_0.start_time desc
Hibernate: select d1_0.id,d1_0.fleet_company_id,d1_0.full_name,d1_0.license_no,d1_0.phone,d1_0.status,d1_0.user_id from drivers d1_0 where d1_0.user_id=?
Hibernate: select t1_0.id,t1_0.driver_id,t1_0.end_time,t1_0.shipment_id,t1_0.start_time,t1_0.status,t1_0.truck_id from trips t1_0 where t1_0.driver_id=? order by t1_0.start_time desc
Hibernate: select d1_0.id,d1_0.fleet_company_id,d1_0.full_name,d1_0.license_no,d1_0.phone,d1_0.status,d1_0.user_id from drivers d1_0 where d1_0.user_id=?
Hibernate: select t1_0.id,t1_0.driver_id,t1_0.end_time,t1_0.shipment_id,t1_0.start_time,t1_0.status,t1_0.truck_id from trips t1_0 where t1_0.driver_id=? order by t1_0.start_time desc
Hibernate: select d1_0.id,d1_0.fleet_company_id,d1_0.full_name,d1_0.license_no,d1_0.phone,d1_0.status,d1_0.user_id from drivers d1_0 where d1_0.user_id=?
Hibernate: select t1_0.id,t1_0.driver_id,t1_0.end_time,t1_0.shipment_id,t1_0.start_time,t1_0.status,t1_0.truck_id from trips t1_0 where t1_0.driver_id=? order by t1_0.start_time desc
Hibernate: select d1_0.id,d1_0.fleet_company_id,d1_0.full_name,d1_0.license_no,d1_0.phone,d1_0.status,d1_0.user_id from drivers d1_0 where d1_0.user_id=?
Hibernate: select t1_0.id,t1_0.driver_id,t1_0.end_time,t1_0.shipment_id,t1_0.start_time,t1_0.status,t1_0.truck_id from trips t1_0 where t1_0.driver_id=? order by t1_0.start_time desc
Hibernate: select d1_0.id,d1_0.fleet_company_id,d1_0.full_name,d1_0.license_no,d1_0.phone,d1_0.status,d1_0.user_id from drivers d1_0 where d1_0.user_id=?
Hibernate: select t1_0.id,t1_0.driver_id,t1_0.end_time,t1_0.shipment_id,t1_0.start_time,t1_0.status,t1_0.truck_id from trips t1_0 where t1_0.driver_id=? order by t1_0.start_time desc
Hibernate: select d1_0.id,d1_0.fleet_company_id,d1_0.full_name,d1_0.license_no,d1_0.phone,d1_0.status,d1_0.user_id from drivers d1_0 where d1_0.user_id=?
Hibernate: select t1_0.id,t1_0.driver_id,t1_0.end_time,t1_0.shipment_id,t1_0.start_time,t1_0.status,t1_0.truck_id from trips t1_0 where t1_0.driver_id=? order by t1_0.start_time desc
Hibernate: select d1_0.id,d1_0.fleet_company_id,d1_0.full_name,d1_0.license_no,d1_0.phone,d1_0.status,d1_0.user_id from drivers d1_0 where d1_0.user_id=?
Hibernate: select t1_0.id,t1_0.driver_id,t1_0.end_time,t1_0.shipment_id,t1_0.start_time,t1_0.status,t1_0.truck_id from trips t1_0 where t1_0.driver_id=? order by t1_0.start_time desc
2026-08-01T06:01:04.213+05:30  INFO 38740 --- [FLEET-SERVICE] [rap-executor-%d] c.n.d.s.r.aws.ConfigClusterResolver      : Resolving eureka endpoints via configuration
Hibernate: select fc1_0.id,fc1_0.address,fc1_0.company_name,fc1_0.contact_phone,fc1_0.created_at,fc1_0.registration_no,fc1_0.user_id from fleet_companies fc1_0 where fc1_0.user_id=?
Hibernate: select t1_0.id,t1_0.capacity_ton,t1_0.fleet_company_id,t1_0.status,t1_0.truck_no,t1_0.truck_type from trucks t1_0 where t1_0.fleet_company_id=?
Hibernate: select d1_0.id,d1_0.fleet_company_id,d1_0.full_name,d1_0.license_no,d1_0.phone,d1_0.status,d1_0.user_id from drivers d1_0 where d1_0.fleet_company_id=? and d1_0.status=?
Hibernate: select t1_0.id,t1_0.driver_id,t1_0.end_time,t1_0.shipment_id,t1_0.start_time,t1_0.status,t1_0.truck_id from trips t1_0 where t1_0.truck_id in (?) order by t1_0.start_time desc
Hibernate: select fc1_0.id,fc1_0.address,fc1_0.company_name,fc1_0.contact_phone,fc1_0.created_at,fc1_0.registration_no,fc1_0.user_id from fleet_companies fc1_0 where fc1_0.user_id=?
Hibernate: select t1_0.id,t1_0.capacity_ton,t1_0.fleet_company_id,t1_0.status,t1_0.truck_no,t1_0.truck_type from trucks t1_0 where t1_0.fleet_company_id=?
Hibernate: select d1_0.id,d1_0.fleet_company_id,d1_0.full_name,d1_0.license_no,d1_0.phone,d1_0.status,d1_0.user_id from drivers d1_0 where d1_0.fleet_company_id=? and d1_0.status=?
Hibernate: select t1_0.id,t1_0.driver_id,t1_0.end_time,t1_0.shipment_id,t1_0.start_time,t1_0.status,t1_0.truck_id from trips t1_0 where t1_0.truck_id in (?) order by t1_0.start_time desc
Hibernate: select fc1_0.id,fc1_0.address,fc1_0.company_name,fc1_0.contact_phone,fc1_0.created_at,fc1_0.registration_no,fc1_0.user_id from fleet_companies fc1_0 where fc1_0.user_id=?
Hibernate: select t1_0.id,t1_0.capacity_ton,t1_0.fleet_company_id,t1_0.status,t1_0.truck_no,t1_0.truck_type from trucks t1_0 where t1_0.fleet_company_id=?
Hibernate: select ta1_0.id,ta1_0.available_capacity_ton,ta1_0.available_from,ta1_0.route_from,ta1_0.route_to,ta1_0.status,ta1_0.trip_type,ta1_0.truck_id from truck_availability ta1_0 where ta1_0.truck_id in (?) order by ta1_0.available_from desc
Hibernate: select fc1_0.id,fc1_0.address,fc1_0.company_name,fc1_0.contact_phone,fc1_0.created_at,fc1_0.registration_no,fc1_0.user_id from fleet_companies fc1_0 where fc1_0.user_id=?
Hibernate: select t1_0.id,t1_0.capacity_ton,t1_0.fleet_company_id,t1_0.status,t1_0.truck_no,t1_0.truck_type from trucks t1_0 where t1_0.fleet_company_id=?
Hibernate: select ta1_0.id,ta1_0.available_capacity_ton,ta1_0.available_from,ta1_0.route_from,ta1_0.route_to,ta1_0.status,ta1_0.trip_type,ta1_0.truck_id from truck_availability ta1_0 where ta1_0.truck_id in (?) order by ta1_0.available_from desc
Hibernate: select fc1_0.id,fc1_0.address,fc1_0.company_name,fc1_0.contact_phone,fc1_0.created_at,fc1_0.registration_no,fc1_0.user_id from fleet_companies fc1_0 where fc1_0.user_id=?
Hibernate: select fc1_0.id,fc1_0.address,fc1_0.company_name,fc1_0.contact_phone,fc1_0.created_at,fc1_0.registration_no,fc1_0.user_id from fleet_companies fc1_0 where fc1_0.user_id=?
Hibernate: select fc1_0.id,fc1_0.address,fc1_0.company_name,fc1_0.contact_phone,fc1_0.created_at,fc1_0.registration_no,fc1_0.user_id from fleet_companies fc1_0 where fc1_0.user_id=?
Hibernate: select fc1_0.id,fc1_0.address,fc1_0.company_name,fc1_0.contact_phone,fc1_0.created_at,fc1_0.registration_no,fc1_0.user_id from fleet_companies fc1_0 where fc1_0.user_id=?
Hibernate: select d1_0.id,d1_0.fleet_company_id,d1_0.full_name,d1_0.license_no,d1_0.phone,d1_0.status,d1_0.user_id from drivers d1_0 where d1_0.fleet_company_id=? and d1_0.status=?
Hibernate: select t1_0.id,t1_0.capacity_ton,t1_0.fleet_company_id,t1_0.status,t1_0.truck_no,t1_0.truck_type from trucks t1_0 where t1_0.fleet_company_id=?
Hibernate: select fc1_0.id,fc1_0.address,fc1_0.company_name,fc1_0.contact_phone,fc1_0.created_at,fc1_0.registration_no,fc1_0.user_id from fleet_companies fc1_0 where fc1_0.user_id=?
Hibernate: select t1_0.id,t1_0.driver_id,t1_0.end_time,t1_0.shipment_id,t1_0.start_time,t1_0.status,t1_0.truck_id from trips t1_0 where t1_0.truck_id in (?) order by t1_0.start_time desc
Hibernate: select d1_0.id,d1_0.fleet_company_id,d1_0.full_name,d1_0.license_no,d1_0.phone,d1_0.status,d1_0.user_id from drivers d1_0 where d1_0.fleet_company_id=? and d1_0.status=?
Hibernate: select fc1_0.id,fc1_0.address,fc1_0.company_name,fc1_0.contact_phone,fc1_0.created_at,fc1_0.registration_no,fc1_0.user_id from fleet_companies fc1_0 where fc1_0.user_id=?
Hibernate: select t1_0.id,t1_0.capacity_ton,t1_0.fleet_company_id,t1_0.status,t1_0.truck_no,t1_0.truck_type from trucks t1_0 where t1_0.fleet_company_id=?
Hibernate: select t1_0.id,t1_0.driver_id,t1_0.end_time,t1_0.shipment_id,t1_0.start_time,t1_0.status,t1_0.truck_id from trips t1_0 where t1_0.truck_id in (?) order by t1_0.start_time desc
Hibernate: select fc1_0.id,fc1_0.address,fc1_0.company_name,fc1_0.contact_phone,fc1_0.created_at,fc1_0.registration_no,fc1_0.user_id from fleet_companies fc1_0 where fc1_0.user_id=?
Hibernate: select t1_0.id,t1_0.capacity_ton,t1_0.fleet_company_id,t1_0.status,t1_0.truck_no,t1_0.truck_type from trucks t1_0 where t1_0.fleet_company_id=?
Hibernate: select ta1_0.id,ta1_0.available_capacity_ton,ta1_0.available_from,ta1_0.route_from,ta1_0.route_to,ta1_0.status,ta1_0.trip_type,ta1_0.truck_id from truck_availability ta1_0 where ta1_0.truck_id in (?) order by ta1_0.available_from desc
Hibernate: select fc1_0.id,fc1_0.address,fc1_0.company_name,fc1_0.contact_phone,fc1_0.created_at,fc1_0.registration_no,fc1_0.user_id from fleet_companies fc1_0 where fc1_0.user_id=?
Hibernate: select t1_0.id,t1_0.capacity_ton,t1_0.fleet_company_id,t1_0.status,t1_0.truck_no,t1_0.truck_type from trucks t1_0 where t1_0.fleet_company_id=?
Hibernate: select ta1_0.id,ta1_0.available_capacity_ton,ta1_0.available_from,ta1_0.route_from,ta1_0.route_to,ta1_0.status,ta1_0.trip_type,ta1_0.truck_id from truck_availability ta1_0 where ta1_0.truck_id in (?) order by ta1_0.available_from desc
Hibernate: select fc1_0.id,fc1_0.address,fc1_0.company_name,fc1_0.contact_phone,fc1_0.created_at,fc1_0.registration_no,fc1_0.user_id from fleet_companies fc1_0 where fc1_0.user_id=?
Hibernate: select fc1_0.id,fc1_0.address,fc1_0.company_name,fc1_0.contact_phone,fc1_0.created_at,fc1_0.registration_no,fc1_0.user_id from fleet_companies fc1_0 where fc1_0.user_id=?
Hibernate: select fc1_0.id,fc1_0.address,fc1_0.company_name,fc1_0.contact_phone,fc1_0.created_at,fc1_0.registration_no,fc1_0.user_id from fleet_companies fc1_0 where fc1_0.user_id=?
Hibernate: select t1_0.id,t1_0.capacity_ton,t1_0.fleet_company_id,t1_0.status,t1_0.truck_no,t1_0.truck_type from trucks t1_0 where t1_0.fleet_company_id=?
Hibernate: select ta1_0.id,ta1_0.available_capacity_ton,ta1_0.available_from,ta1_0.route_from,ta1_0.route_to,ta1_0.status,ta1_0.trip_type,ta1_0.truck_id from truck_availability ta1_0 where ta1_0.truck_id in (?) order by ta1_0.available_from desc
Hibernate: select fc1_0.id,fc1_0.address,fc1_0.company_name,fc1_0.contact_phone,fc1_0.created_at,fc1_0.registration_no,fc1_0.user_id from fleet_companies fc1_0 where fc1_0.user_id=?
Hibernate: select t1_0.id,t1_0.capacity_ton,t1_0.fleet_company_id,t1_0.status,t1_0.truck_no,t1_0.truck_type from trucks t1_0 where t1_0.fleet_company_id=?
Hibernate: select ta1_0.id,ta1_0.available_capacity_ton,ta1_0.available_from,ta1_0.route_from,ta1_0.route_to,ta1_0.status,ta1_0.trip_type,ta1_0.truck_id from truck_availability ta1_0 where ta1_0.truck_id in (?) order by ta1_0.available_from desc
Hibernate: select fc1_0.id,fc1_0.address,fc1_0.company_name,fc1_0.contact_phone,fc1_0.created_at,fc1_0.registration_no,fc1_0.user_id from fleet_companies fc1_0 where fc1_0.user_id=?
Hibernate: select t1_0.id,t1_0.capacity_ton,t1_0.fleet_company_id,t1_0.status,t1_0.truck_no,t1_0.truck_type from trucks t1_0 where t1_0.fleet_company_id=?
Hibernate: select fc1_0.id,fc1_0.address,fc1_0.company_name,fc1_0.contact_phone,fc1_0.created_at,fc1_0.registration_no,fc1_0.user_id from fleet_companies fc1_0 where fc1_0.user_id=?
Hibernate: select t1_0.id,t1_0.driver_id,t1_0.end_time,t1_0.shipment_id,t1_0.start_time,t1_0.status,t1_0.truck_id from trips t1_0 where t1_0.truck_id in (?) order by t1_0.start_time desc
Hibernate: select d1_0.id,d1_0.fleet_company_id,d1_0.full_name,d1_0.license_no,d1_0.phone,d1_0.status,d1_0.user_id from drivers d1_0 where d1_0.fleet_company_id=? and d1_0.status=?
Hibernate: select fc1_0.id,fc1_0.address,fc1_0.company_name,fc1_0.contact_phone,fc1_0.created_at,fc1_0.registration_no,fc1_0.user_id from fleet_companies fc1_0 where fc1_0.user_id=?
Hibernate: select fc1_0.id,fc1_0.address,fc1_0.company_name,fc1_0.contact_phone,fc1_0.created_at,fc1_0.registration_no,fc1_0.user_id from fleet_companies fc1_0 where fc1_0.user_id=?
Hibernate: select t1_0.id,t1_0.capacity_ton,t1_0.fleet_company_id,t1_0.status,t1_0.truck_no,t1_0.truck_type from trucks t1_0 where t1_0.fleet_company_id=?
Hibernate: select d1_0.id,d1_0.fleet_company_id,d1_0.full_name,d1_0.license_no,d1_0.phone,d1_0.status,d1_0.user_id from drivers d1_0 where d1_0.fleet_company_id=? and d1_0.status=?
Hibernate: select t1_0.id,t1_0.driver_id,t1_0.end_time,t1_0.shipment_id,t1_0.start_time,t1_0.status,t1_0.truck_id from trips t1_0 where t1_0.truck_id in (?) order by t1_0.start_time desc
Hibernate: select fc1_0.id,fc1_0.address,fc1_0.company_name,fc1_0.contact_phone,fc1_0.created_at,fc1_0.registration_no,fc1_0.user_id from fleet_companies fc1_0 where fc1_0.user_id=?
Hibernate: select d1_0.id,d1_0.fleet_company_id,d1_0.full_name,d1_0.license_no,d1_0.phone,d1_0.status,d1_0.user_id from drivers d1_0 where d1_0.fleet_company_id=?
Hibernate: select fc1_0.id,fc1_0.address,fc1_0.company_name,fc1_0.contact_phone,fc1_0.created_at,fc1_0.registration_no,fc1_0.user_id from fleet_companies fc1_0 where fc1_0.user_id=?
Hibernate: select d1_0.id,d1_0.fleet_company_id,d1_0.full_name,d1_0.license_no,d1_0.phone,d1_0.status,d1_0.user_id from drivers d1_0 where d1_0.fleet_company_id=?
Hibernate: select fc1_0.id,fc1_0.address,fc1_0.company_name,fc1_0.contact_phone,fc1_0.created_at,fc1_0.registration_no,fc1_0.user_id from fleet_companies fc1_0 where fc1_0.user_id=?
Hibernate: select fc1_0.id,fc1_0.address,fc1_0.company_name,fc1_0.contact_phone,fc1_0.created_at,fc1_0.registration_no,fc1_0.user_id from fleet_companies fc1_0 where fc1_0.user_id=?
2026-08-01T06:06:04.214+05:30  INFO 38740 --- [FLEET-SERVICE] [rap-executor-%d] c.n.d.s.r.aws.ConfigClusterResolver      : Resolving eureka endpoints via configuration
Hibernate: select ta1_0.id,ta1_0.available_capacity_ton,ta1_0.available_from,ta1_0.route_from,ta1_0.route_to,ta1_0.status,ta1_0.trip_type,ta1_0.truck_id from truck_availability ta1_0 where ta1_0.status=? and (? is null or lower(ta1_0.route_from)=lower(?)) and (? is null or lower(ta1_0.route_to)=lower(?)) and ta1_0.available_capacity_ton>=? order by ta1_0.available_capacity_ton
Hibernate: select fc1_0.id,fc1_0.address,fc1_0.company_name,fc1_0.contact_phone,fc1_0.created_at,fc1_0.registration_no,fc1_0.user_id from fleet_companies fc1_0 where fc1_0.user_id=?
Hibernate: select t1_0.id,t1_0.capacity_ton,t1_0.fleet_company_id,t1_0.status,t1_0.truck_no,t1_0.truck_type from trucks t1_0 where t1_0.fleet_company_id=?
Hibernate: select ta1_0.id,ta1_0.available_capacity_ton,ta1_0.available_from,ta1_0.route_from,ta1_0.route_to,ta1_0.status,ta1_0.trip_type,ta1_0.truck_id from truck_availability ta1_0 where ta1_0.truck_id in (?) order by ta1_0.available_from desc
Hibernate: select fc1_0.id,fc1_0.address,fc1_0.company_name,fc1_0.contact_phone,fc1_0.created_at,fc1_0.registration_no,fc1_0.user_id from fleet_companies fc1_0 where fc1_0.user_id=?
Hibernate: select t1_0.id,t1_0.capacity_ton,t1_0.fleet_company_id,t1_0.status,t1_0.truck_no,t1_0.truck_type from trucks t1_0 where t1_0.id=?
Hibernate: insert into truck_availability (available_capacity_ton,available_from,route_from,route_to,status,trip_type,truck_id) values (?,?,?,?,?,?,?)
Hibernate: select ta1_0.id,ta1_0.available_capacity_ton,ta1_0.available_from,ta1_0.route_from,ta1_0.route_to,ta1_0.status,ta1_0.trip_type,ta1_0.truck_id from truck_availability ta1_0 where ta1_0.status=? and (? is null or lower(ta1_0.route_from)=lower(?)) and (? is null or lower(ta1_0.route_to)=lower(?)) and ta1_0.available_capacity_ton>=? order by ta1_0.available_capacity_ton
Hibernate: select t1_0.id,t1_0.capacity_ton,t1_0.fleet_company_id,t1_0.status,t1_0.truck_no,t1_0.truck_type from trucks t1_0 where t1_0.id in (?)
Hibernate: select fc1_0.id,fc1_0.address,fc1_0.company_name,fc1_0.contact_phone,fc1_0.created_at,fc1_0.registration_no,fc1_0.user_id from fleet_companies fc1_0 where fc1_0.user_id=?
Hibernate: select t1_0.id,t1_0.capacity_ton,t1_0.fleet_company_id,t1_0.status,t1_0.truck_no,t1_0.truck_type from trucks t1_0 where t1_0.id=?
Hibernate: insert into truck_availability (available_capacity_ton,available_from,route_from,route_to,status,trip_type,truck_id) values (?,?,?,?,?,?,?)
Hibernate: select ta1_0.id,ta1_0.available_capacity_ton,ta1_0.available_from,ta1_0.route_from,ta1_0.route_to,ta1_0.status,ta1_0.trip_type,ta1_0.truck_id from truck_availability ta1_0 where ta1_0.status=? and (? is null or lower(ta1_0.route_from)=lower(?)) and (? is null or lower(ta1_0.route_to)=lower(?)) and ta1_0.available_capacity_ton>=? order by ta1_0.available_capacity_ton
Hibernate: select t1_0.id,t1_0.capacity_ton,t1_0.fleet_company_id,t1_0.status,t1_0.truck_no,t1_0.truck_type from trucks t1_0 where t1_0.id in (?,?)
Hibernate: select ta1_0.id,ta1_0.available_capacity_ton,ta1_0.available_from,ta1_0.route_from,ta1_0.route_to,ta1_0.status,ta1_0.trip_type,ta1_0.truck_id from truck_availability ta1_0 where ta1_0.id=?
Hibernate: update truck_availability set available_capacity_ton=?,available_from=?,route_from=?,route_to=?,status=?,trip_type=?,truck_id=? where id=?
Hibernate: select fc1_0.id,fc1_0.address,fc1_0.company_name,fc1_0.contact_phone,fc1_0.created_at,fc1_0.registration_no,fc1_0.user_id from fleet_companies fc1_0 where fc1_0.id=?
Hibernate: select fc1_0.id,fc1_0.address,fc1_0.company_name,fc1_0.contact_phone,fc1_0.created_at,fc1_0.registration_no,fc1_0.user_id from fleet_companies fc1_0 where fc1_0.user_id=?
Hibernate: select t1_0.id,t1_0.capacity_ton,t1_0.fleet_company_id,t1_0.status,t1_0.truck_no,t1_0.truck_type from trucks t1_0 where t1_0.id=?
Hibernate: insert into trips (driver_id,end_time,shipment_id,start_time,status,truck_id) values (?,?,?,?,?,?)
Hibernate: select fc1_0.id,fc1_0.address,fc1_0.company_name,fc1_0.contact_phone,fc1_0.created_at,fc1_0.registration_no,fc1_0.user_id from fleet_companies fc1_0 where fc1_0.user_id=?
Hibernate: select t1_0.id,t1_0.capacity_ton,t1_0.fleet_company_id,t1_0.status,t1_0.truck_no,t1_0.truck_type from trucks t1_0 where t1_0.fleet_company_id=?
Hibernate: select t1_0.id,t1_0.driver_id,t1_0.end_time,t1_0.shipment_id,t1_0.start_time,t1_0.status,t1_0.truck_id from trips t1_0 where t1_0.truck_id in (?) order by t1_0.start_time desc
Hibernate: select fc1_0.id,fc1_0.address,fc1_0.company_name,fc1_0.contact_phone,fc1_0.created_at,fc1_0.registration_no,fc1_0.user_id from fleet_companies fc1_0 where fc1_0.user_id=?
Hibernate: select t1_0.id,t1_0.capacity_ton,t1_0.fleet_company_id,t1_0.status,t1_0.truck_no,t1_0.truck_type from trucks t1_0 where t1_0.fleet_company_id=?
Hibernate: select ta1_0.id,ta1_0.available_capacity_ton,ta1_0.available_from,ta1_0.route_from,ta1_0.route_to,ta1_0.status,ta1_0.trip_type,ta1_0.truck_id from truck_availability ta1_0 where ta1_0.truck_id in (?) order by ta1_0.available_from desc
Hibernate: select fc1_0.id,fc1_0.address,fc1_0.company_name,fc1_0.contact_phone,fc1_0.created_at,fc1_0.registration_no,fc1_0.user_id from fleet_companies fc1_0 where fc1_0.user_id=?
Hibernate: select t1_0.id,t1_0.capacity_ton,t1_0.fleet_company_id,t1_0.status,t1_0.truck_no,t1_0.truck_type from trucks t1_0 where t1_0.id=?
Hibernate: insert into truck_availability (available_capacity_ton,available_from,route_from,route_to,status,trip_type,truck_id) values (?,?,?,?,?,?,?)
Hibernate: select ta1_0.id,ta1_0.available_capacity_ton,ta1_0.available_from,ta1_0.route_from,ta1_0.route_to,ta1_0.status,ta1_0.trip_type,ta1_0.truck_id from truck_availability ta1_0 where ta1_0.status=? and (? is null or lower(ta1_0.route_from)=lower(?)) and (? is null or lower(ta1_0.route_to)=lower(?)) and ta1_0.available_capacity_ton>=? order by ta1_0.available_capacity_ton
Hibernate: select t1_0.id,t1_0.capacity_ton,t1_0.fleet_company_id,t1_0.status,t1_0.truck_no,t1_0.truck_type from trucks t1_0 where t1_0.id in (?,?)
Hibernate: select ta1_0.id,ta1_0.available_capacity_ton,ta1_0.available_from,ta1_0.route_from,ta1_0.route_to,ta1_0.status,ta1_0.trip_type,ta1_0.truck_id from truck_availability ta1_0 where ta1_0.id=?
Hibernate: update truck_availability set available_capacity_ton=?,available_from=?,route_from=?,route_to=?,status=?,trip_type=?,truck_id=? where id=?
Hibernate: select fc1_0.id,fc1_0.address,fc1_0.company_name,fc1_0.contact_phone,fc1_0.created_at,fc1_0.registration_no,fc1_0.user_id from fleet_companies fc1_0 where fc1_0.id=?
Hibernate: select fc1_0.id,fc1_0.address,fc1_0.company_name,fc1_0.contact_phone,fc1_0.created_at,fc1_0.registration_no,fc1_0.user_id from fleet_companies fc1_0 where fc1_0.user_id=?
Hibernate: select fc1_0.id,fc1_0.address,fc1_0.company_name,fc1_0.contact_phone,fc1_0.created_at,fc1_0.registration_no,fc1_0.user_id from fleet_companies fc1_0 where fc1_0.user_id=?
Hibernate: select t1_0.id,t1_0.capacity_ton,t1_0.fleet_company_id,t1_0.status,t1_0.truck_no,t1_0.truck_type from trucks t1_0 where t1_0.fleet_company_id=?
Hibernate: select d1_0.id,d1_0.fleet_company_id,d1_0.full_name,d1_0.license_no,d1_0.phone,d1_0.status,d1_0.user_id from drivers d1_0 where d1_0.fleet_company_id=? and d1_0.status=?
Hibernate: select t1_0.id,t1_0.driver_id,t1_0.end_time,t1_0.shipment_id,t1_0.start_time,t1_0.status,t1_0.truck_id from trips t1_0 where t1_0.truck_id in (?) order by t1_0.start_time desc
Hibernate: select fc1_0.id,fc1_0.address,fc1_0.company_name,fc1_0.contact_phone,fc1_0.created_at,fc1_0.registration_no,fc1_0.user_id from fleet_companies fc1_0 where fc1_0.user_id=?
Hibernate: select t1_0.id,t1_0.capacity_ton,t1_0.fleet_company_id,t1_0.status,t1_0.truck_no,t1_0.truck_type from trucks t1_0 where t1_0.fleet_company_id=?
Hibernate: select d1_0.id,d1_0.fleet_company_id,d1_0.full_name,d1_0.license_no,d1_0.phone,d1_0.status,d1_0.user_id from drivers d1_0 where d1_0.fleet_company_id=? and d1_0.status=?
Hibernate: select t1_0.id,t1_0.driver_id,t1_0.end_time,t1_0.shipment_id,t1_0.start_time,t1_0.status,t1_0.truck_id from trips t1_0 where t1_0.truck_id in (?) order by t1_0.start_time desc
Hibernate: select fc1_0.id,fc1_0.address,fc1_0.company_name,fc1_0.contact_phone,fc1_0.created_at,fc1_0.registration_no,fc1_0.user_id from fleet_companies fc1_0 where fc1_0.user_id=?
Hibernate: select fc1_0.id,fc1_0.address,fc1_0.company_name,fc1_0.contact_phone,fc1_0.created_at,fc1_0.registration_no,fc1_0.user_id from fleet_companies fc1_0 where fc1_0.user_id=?
Hibernate: select t1_0.id,t1_0.capacity_ton,t1_0.fleet_company_id,t1_0.status,t1_0.truck_no,t1_0.truck_type from trucks t1_0 where t1_0.fleet_company_id=?
Hibernate: select t1_0.id,t1_0.driver_id,t1_0.end_time,t1_0.shipment_id,t1_0.start_time,t1_0.status,t1_0.truck_id from trips t1_0 where t1_0.truck_id in (?) order by t1_0.start_time desc
Hibernate: select d1_0.id,d1_0.fleet_company_id,d1_0.full_name,d1_0.license_no,d1_0.phone,d1_0.status,d1_0.user_id from drivers d1_0 where d1_0.fleet_company_id=? and d1_0.status=?
Hibernate: select fc1_0.id,fc1_0.address,fc1_0.company_name,fc1_0.contact_phone,fc1_0.created_at,fc1_0.registration_no,fc1_0.user_id from fleet_companies fc1_0 where fc1_0.user_id=?
Hibernate: select fc1_0.id,fc1_0.address,fc1_0.company_name,fc1_0.contact_phone,fc1_0.created_at,fc1_0.registration_no,fc1_0.user_id from fleet_companies fc1_0 where fc1_0.user_id=?
Hibernate: select t1_0.id,t1_0.capacity_ton,t1_0.fleet_company_id,t1_0.status,t1_0.truck_no,t1_0.truck_type from trucks t1_0 where t1_0.fleet_company_id=?
Hibernate: select d1_0.id,d1_0.fleet_company_id,d1_0.full_name,d1_0.license_no,d1_0.phone,d1_0.status,d1_0.user_id from drivers d1_0 where d1_0.fleet_company_id=? and d1_0.status=?
Hibernate: select t1_0.id,t1_0.driver_id,t1_0.end_time,t1_0.shipment_id,t1_0.start_time,t1_0.status,t1_0.truck_id from trips t1_0 where t1_0.truck_id in (?) order by t1_0.start_time desc
Hibernate: select fc1_0.id,fc1_0.address,fc1_0.company_name,fc1_0.contact_phone,fc1_0.created_at,fc1_0.registration_no,fc1_0.user_id from fleet_companies fc1_0 where fc1_0.user_id=?
Hibernate: select t1_0.id,t1_0.capacity_ton,t1_0.fleet_company_id,t1_0.status,t1_0.truck_no,t1_0.truck_type from trucks t1_0 where t1_0.fleet_company_id=?
Hibernate: select fc1_0.id,fc1_0.address,fc1_0.company_name,fc1_0.contact_phone,fc1_0.created_at,fc1_0.registration_no,fc1_0.user_id from fleet_companies fc1_0 where fc1_0.user_id=?
Hibernate: select t1_0.id,t1_0.driver_id,t1_0.end_time,t1_0.shipment_id,t1_0.start_time,t1_0.status,t1_0.truck_id from trips t1_0 where t1_0.truck_id in (?) order by t1_0.start_time desc
Hibernate: select d1_0.id,d1_0.fleet_company_id,d1_0.full_name,d1_0.license_no,d1_0.phone,d1_0.status,d1_0.user_id from drivers d1_0 where d1_0.fleet_company_id=? and d1_0.status=?
Hibernate: select fc1_0.id,fc1_0.address,fc1_0.company_name,fc1_0.contact_phone,fc1_0.created_at,fc1_0.registration_no,fc1_0.user_id from fleet_companies fc1_0 where fc1_0.user_id=?
Hibernate: select fc1_0.id,fc1_0.address,fc1_0.company_name,fc1_0.contact_phone,fc1_0.created_at,fc1_0.registration_no,fc1_0.user_id from fleet_companies fc1_0 where fc1_0.user_id=?
Hibernate: select t1_0.id,t1_0.capacity_ton,t1_0.fleet_company_id,t1_0.status,t1_0.truck_no,t1_0.truck_type from trucks t1_0 where t1_0.fleet_company_id=?
Hibernate: select d1_0.id,d1_0.fleet_company_id,d1_0.full_name,d1_0.license_no,d1_0.phone,d1_0.status,d1_0.user_id from drivers d1_0 where d1_0.fleet_company_id=? and d1_0.status=?
Hibernate: select t1_0.id,t1_0.driver_id,t1_0.end_time,t1_0.shipment_id,t1_0.start_time,t1_0.status,t1_0.truck_id from trips t1_0 where t1_0.truck_id in (?) order by t1_0.start_time desc
Hibernate: select fc1_0.id,fc1_0.address,fc1_0.company_name,fc1_0.contact_phone,fc1_0.created_at,fc1_0.registration_no,fc1_0.user_id from fleet_companies fc1_0 where fc1_0.user_id=?
Hibernate: select fc1_0.id,fc1_0.address,fc1_0.company_name,fc1_0.contact_phone,fc1_0.created_at,fc1_0.registration_no,fc1_0.user_id from fleet_companies fc1_0 where fc1_0.user_id=?
Hibernate: select t1_0.id,t1_0.capacity_ton,t1_0.fleet_company_id,t1_0.status,t1_0.truck_no,t1_0.truck_type from trucks t1_0 where t1_0.id=?
Hibernate: insert into trips (driver_id,end_time,shipment_id,start_time,status,truck_id) values (?,?,?,?,?,?)
Hibernate: select fc1_0.id,fc1_0.address,fc1_0.company_name,fc1_0.contact_phone,fc1_0.created_at,fc1_0.registration_no,fc1_0.user_id from fleet_companies fc1_0 where fc1_0.user_id=?
Hibernate: select fc1_0.id,fc1_0.address,fc1_0.company_name,fc1_0.contact_phone,fc1_0.created_at,fc1_0.registration_no,fc1_0.user_id from fleet_companies fc1_0 where fc1_0.user_id=?
Hibernate: select t1_0.id,t1_0.capacity_ton,t1_0.fleet_company_id,t1_0.status,t1_0.truck_no,t1_0.truck_type from trucks t1_0 where t1_0.fleet_company_id=?
Hibernate: select ta1_0.id,ta1_0.available_capacity_ton,ta1_0.available_from,ta1_0.route_from,ta1_0.route_to,ta1_0.status,ta1_0.trip_type,ta1_0.truck_id from truck_availability ta1_0 where ta1_0.truck_id in (?) order by ta1_0.available_from desc
Hibernate: select fc1_0.id,fc1_0.address,fc1_0.company_name,fc1_0.contact_phone,fc1_0.created_at,fc1_0.registration_no,fc1_0.user_id from fleet_companies fc1_0 where fc1_0.user_id=?
Hibernate: select t1_0.id,t1_0.capacity_ton,t1_0.fleet_company_id,t1_0.status,t1_0.truck_no,t1_0.truck_type from trucks t1_0 where t1_0.fleet_company_id=?
Hibernate: select ta1_0.id,ta1_0.available_capacity_ton,ta1_0.available_from,ta1_0.route_from,ta1_0.route_to,ta1_0.status,ta1_0.trip_type,ta1_0.truck_id from truck_availability ta1_0 where ta1_0.truck_id in (?) order by ta1_0.available_from desc
Hibernate: select fc1_0.id,fc1_0.address,fc1_0.company_name,fc1_0.contact_phone,fc1_0.created_at,fc1_0.registration_no,fc1_0.user_id from fleet_companies fc1_0 where fc1_0.user_id=?
Hibernate: select d1_0.id,d1_0.fleet_company_id,d1_0.full_name,d1_0.license_no,d1_0.phone,d1_0.status,d1_0.user_id from drivers d1_0 where d1_0.fleet_company_id=? and d1_0.status=?
Hibernate: select fc1_0.id,fc1_0.address,fc1_0.company_name,fc1_0.contact_phone,fc1_0.created_at,fc1_0.registration_no,fc1_0.user_id from fleet_companies fc1_0 where fc1_0.user_id=?
Hibernate: select t1_0.id,t1_0.capacity_ton,t1_0.fleet_company_id,t1_0.status,t1_0.truck_no,t1_0.truck_type from trucks t1_0 where t1_0.fleet_company_id=?
Hibernate: select t1_0.id,t1_0.driver_id,t1_0.end_time,t1_0.shipment_id,t1_0.start_time,t1_0.status,t1_0.truck_id from trips t1_0 where t1_0.truck_id in (?) order by t1_0.start_time desc
Hibernate: select fc1_0.id,fc1_0.address,fc1_0.company_name,fc1_0.contact_phone,fc1_0.created_at,fc1_0.registration_no,fc1_0.user_id from fleet_companies fc1_0 where fc1_0.user_id=?
Hibernate: select fc1_0.id,fc1_0.address,fc1_0.company_name,fc1_0.contact_phone,fc1_0.created_at,fc1_0.registration_no,fc1_0.user_id from fleet_companies fc1_0 where fc1_0.user_id=?
Hibernate: select d1_0.id,d1_0.fleet_company_id,d1_0.full_name,d1_0.license_no,d1_0.phone,d1_0.status,d1_0.user_id from drivers d1_0 where d1_0.fleet_company_id=? and d1_0.status=?
Hibernate: select t1_0.id,t1_0.capacity_ton,t1_0.fleet_company_id,t1_0.status,t1_0.truck_no,t1_0.truck_type from trucks t1_0 where t1_0.fleet_company_id=?
Hibernate: select t1_0.id,t1_0.driver_id,t1_0.end_time,t1_0.shipment_id,t1_0.start_time,t1_0.status,t1_0.truck_id from trips t1_0 where t1_0.truck_id in (?) order by t1_0.start_time desc
2026-08-01T06:11:04.215+05:30  INFO 38740 --- [FLEET-SERVICE] [rap-executor-%d] c.n.d.s.r.aws.ConfigClusterResolver      : Resolving eureka endpoints via configuration
Hibernate: select fc1_0.id,fc1_0.address,fc1_0.company_name,fc1_0.contact_phone,fc1_0.created_at,fc1_0.registration_no,fc1_0.user_id from fleet_companies fc1_0 where fc1_0.user_id=?
Hibernate: select t1_0.id,t1_0.capacity_ton,t1_0.fleet_company_id,t1_0.status,t1_0.truck_no,t1_0.truck_type from trucks t1_0 where t1_0.fleet_company_id=?
Hibernate: select d1_0.id,d1_0.fleet_company_id,d1_0.full_name,d1_0.license_no,d1_0.phone,d1_0.status,d1_0.user_id from drivers d1_0 where d1_0.fleet_company_id=? and d1_0.status=?
Hibernate: select t1_0.id,t1_0.driver_id,t1_0.end_time,t1_0.shipment_id,t1_0.start_time,t1_0.status,t1_0.truck_id from trips t1_0 where t1_0.truck_id in (?) order by t1_0.start_time desc
Hibernate: select fc1_0.id,fc1_0.address,fc1_0.company_name,fc1_0.contact_phone,fc1_0.created_at,fc1_0.registration_no,fc1_0.user_id from fleet_companies fc1_0 where fc1_0.user_id=?
Hibernate: select t1_0.id,t1_0.capacity_ton,t1_0.fleet_company_id,t1_0.status,t1_0.truck_no,t1_0.truck_type from trucks t1_0 where t1_0.fleet_company_id=?
Hibernate: select d1_0.id,d1_0.fleet_company_id,d1_0.full_name,d1_0.license_no,d1_0.phone,d1_0.status,d1_0.user_id from drivers d1_0 where d1_0.fleet_company_id=? and d1_0.status=?
Hibernate: select t1_0.id,t1_0.driver_id,t1_0.end_time,t1_0.shipment_id,t1_0.start_time,t1_0.status,t1_0.truck_id from trips t1_0 where t1_0.truck_id in (?) order by t1_0.start_time desc
Hibernate: select fc1_0.id,fc1_0.address,fc1_0.company_name,fc1_0.contact_phone,fc1_0.created_at,fc1_0.registration_no,fc1_0.user_id from fleet_companies fc1_0 where fc1_0.user_id=?
Hibernate: select fc1_0.id,fc1_0.address,fc1_0.company_name,fc1_0.contact_phone,fc1_0.created_at,fc1_0.registration_no,fc1_0.user_id from fleet_companies fc1_0 where fc1_0.user_id=?
Hibernate: select t1_0.id,t1_0.capacity_ton,t1_0.fleet_company_id,t1_0.status,t1_0.truck_no,t1_0.truck_type from trucks t1_0 where t1_0.fleet_company_id=?
Hibernate: select d1_0.id,d1_0.fleet_company_id,d1_0.full_name,d1_0.license_no,d1_0.phone,d1_0.status,d1_0.user_id from drivers d1_0 where d1_0.fleet_company_id=? and d1_0.status=?
Hibernate: select t1_0.id,t1_0.driver_id,t1_0.end_time,t1_0.shipment_id,t1_0.start_time,t1_0.status,t1_0.truck_id from trips t1_0 where t1_0.truck_id in (?) order by t1_0.start_time desc
Hibernate: select fc1_0.id,fc1_0.address,fc1_0.company_name,fc1_0.contact_phone,fc1_0.created_at,fc1_0.registration_no,fc1_0.user_id from fleet_companies fc1_0 where fc1_0.user_id=?
Hibernate: select fc1_0.id,fc1_0.address,fc1_0.company_name,fc1_0.contact_phone,fc1_0.created_at,fc1_0.registration_no,fc1_0.user_id from fleet_companies fc1_0 where fc1_0.user_id=?
Hibernate: select t1_0.id,t1_0.capacity_ton,t1_0.fleet_company_id,t1_0.status,t1_0.truck_no,t1_0.truck_type from trucks t1_0 where t1_0.fleet_company_id=?
Hibernate: select d1_0.id,d1_0.fleet_company_id,d1_0.full_name,d1_0.license_no,d1_0.phone,d1_0.status,d1_0.user_id from drivers d1_0 where d1_0.fleet_company_id=? and d1_0.status=?
Hibernate: select t1_0.id,t1_0.driver_id,t1_0.end_time,t1_0.shipment_id,t1_0.start_time,t1_0.status,t1_0.truck_id from trips t1_0 where t1_0.truck_id in (?) order by t1_0.start_time desc
Hibernate: select fc1_0.id,fc1_0.address,fc1_0.company_name,fc1_0.contact_phone,fc1_0.created_at,fc1_0.registration_no,fc1_0.user_id from fleet_companies fc1_0 where fc1_0.user_id=?
Hibernate: select t1_0.id,t1_0.capacity_ton,t1_0.fleet_company_id,t1_0.status,t1_0.truck_no,t1_0.truck_type from trucks t1_0 where t1_0.fleet_company_id=?
Hibernate: select d1_0.id,d1_0.fleet_company_id,d1_0.full_name,d1_0.license_no,d1_0.phone,d1_0.status,d1_0.user_id from drivers d1_0 where d1_0.fleet_company_id=? and d1_0.status=?
Hibernate: select t1_0.id,t1_0.driver_id,t1_0.end_time,t1_0.shipment_id,t1_0.start_time,t1_0.status,t1_0.truck_id from trips t1_0 where t1_0.truck_id in (?) order by t1_0.start_time desc
Hibernate: select fc1_0.id,fc1_0.address,fc1_0.company_name,fc1_0.contact_phone,fc1_0.created_at,fc1_0.registration_no,fc1_0.user_id from fleet_companies fc1_0 where fc1_0.user_id=?
Hibernate: select t1_0.id,t1_0.capacity_ton,t1_0.fleet_company_id,t1_0.status,t1_0.truck_no,t1_0.truck_type from trucks t1_0 where t1_0.fleet_company_id=?
Hibernate: select d1_0.id,d1_0.fleet_company_id,d1_0.full_name,d1_0.license_no,d1_0.phone,d1_0.status,d1_0.user_id from drivers d1_0 where d1_0.fleet_company_id=? and d1_0.status=?
Hibernate: select t1_0.id,t1_0.driver_id,t1_0.end_time,t1_0.shipment_id,t1_0.start_time,t1_0.status,t1_0.truck_id from trips t1_0 where t1_0.truck_id in (?) order by t1_0.start_time desc
Hibernate: select fc1_0.id,fc1_0.address,fc1_0.company_name,fc1_0.contact_phone,fc1_0.created_at,fc1_0.registration_no,fc1_0.user_id from fleet_companies fc1_0 where fc1_0.user_id=?
Hibernate: select t1_0.id,t1_0.capacity_ton,t1_0.fleet_company_id,t1_0.status,t1_0.truck_no,t1_0.truck_type from trucks t1_0 where t1_0.fleet_company_id=?
Hibernate: select fc1_0.id,fc1_0.address,fc1_0.company_name,fc1_0.contact_phone,fc1_0.created_at,fc1_0.registration_no,fc1_0.user_id from fleet_companies fc1_0 where fc1_0.user_id=?
Hibernate: select t1_0.id,t1_0.capacity_ton,t1_0.fleet_company_id,t1_0.status,t1_0.truck_no,t1_0.truck_type from trucks t1_0 where t1_0.fleet_company_id=?
Hibernate: select fc1_0.id,fc1_0.address,fc1_0.company_name,fc1_0.contact_phone,fc1_0.created_at,fc1_0.registration_no,fc1_0.user_id from fleet_companies fc1_0 where fc1_0.user_id=?
Hibernate: select fc1_0.id,fc1_0.address,fc1_0.company_name,fc1_0.contact_phone,fc1_0.created_at,fc1_0.registration_no,fc1_0.user_id from fleet_companies fc1_0 where fc1_0.user_id=?
Hibernate: select t1_0.id,t1_0.capacity_ton,t1_0.fleet_company_id,t1_0.status,t1_0.truck_no,t1_0.truck_type from trucks t1_0 where t1_0.fleet_company_id=?
Hibernate: select d1_0.id,d1_0.fleet_company_id,d1_0.full_name,d1_0.license_no,d1_0.phone,d1_0.status,d1_0.user_id from drivers d1_0 where d1_0.fleet_company_id=? and d1_0.status=?
Hibernate: select t1_0.id,t1_0.driver_id,t1_0.end_time,t1_0.shipment_id,t1_0.start_time,t1_0.status,t1_0.truck_id from trips t1_0 where t1_0.truck_id in (?) order by t1_0.start_time desc
Hibernate: select fc1_0.id,fc1_0.address,fc1_0.company_name,fc1_0.contact_phone,fc1_0.created_at,fc1_0.registration_no,fc1_0.user_id from fleet_companies fc1_0 where fc1_0.user_id=?
Hibernate: select fc1_0.id,fc1_0.address,fc1_0.company_name,fc1_0.contact_phone,fc1_0.created_at,fc1_0.registration_no,fc1_0.user_id from fleet_companies fc1_0 where fc1_0.user_id=?
Hibernate: select d1_0.id,d1_0.fleet_company_id,d1_0.full_name,d1_0.license_no,d1_0.phone,d1_0.status,d1_0.user_id from drivers d1_0 where d1_0.fleet_company_id=? and d1_0.status=?
Hibernate: select t1_0.id,t1_0.capacity_ton,t1_0.fleet_company_id,t1_0.status,t1_0.truck_no,t1_0.truck_type from trucks t1_0 where t1_0.fleet_company_id=?
Hibernate: select t1_0.id,t1_0.driver_id,t1_0.end_time,t1_0.shipment_id,t1_0.start_time,t1_0.status,t1_0.truck_id from trips t1_0 where t1_0.truck_id in (?) order by t1_0.start_time desc
Hibernate: select fc1_0.id,fc1_0.address,fc1_0.company_name,fc1_0.contact_phone,fc1_0.created_at,fc1_0.registration_no,fc1_0.user_id from fleet_companies fc1_0 where fc1_0.user_id=?
Hibernate: select t1_0.id,t1_0.capacity_ton,t1_0.fleet_company_id,t1_0.status,t1_0.truck_no,t1_0.truck_type from trucks t1_0 where t1_0.fleet_company_id=?
Hibernate: select ta1_0.id,ta1_0.available_capacity_ton,ta1_0.available_from,ta1_0.route_from,ta1_0.route_to,ta1_0.status,ta1_0.trip_type,ta1_0.truck_id from truck_availability ta1_0 where ta1_0.truck_id in (?) order by ta1_0.available_from desc
Hibernate: select fc1_0.id,fc1_0.address,fc1_0.company_name,fc1_0.contact_phone,fc1_0.created_at,fc1_0.registration_no,fc1_0.user_id from fleet_companies fc1_0 where fc1_0.user_id=?
Hibernate: select t1_0.id,t1_0.capacity_ton,t1_0.fleet_company_id,t1_0.status,t1_0.truck_no,t1_0.truck_type from trucks t1_0 where t1_0.fleet_company_id=?
Hibernate: select ta1_0.id,ta1_0.available_capacity_ton,ta1_0.available_from,ta1_0.route_from,ta1_0.route_to,ta1_0.status,ta1_0.trip_type,ta1_0.truck_id from truck_availability ta1_0 where ta1_0.truck_id in (?) order by ta1_0.available_from desc
Hibernate: select fc1_0.id,fc1_0.address,fc1_0.company_name,fc1_0.contact_phone,fc1_0.created_at,fc1_0.registration_no,fc1_0.user_id from fleet_companies fc1_0 where fc1_0.user_id=?
Hibernate: select fc1_0.id,fc1_0.address,fc1_0.company_name,fc1_0.contact_phone,fc1_0.created_at,fc1_0.registration_no,fc1_0.user_id from fleet_companies fc1_0 where fc1_0.user_id=?
Hibernate: select fc1_0.id,fc1_0.address,fc1_0.company_name,fc1_0.contact_phone,fc1_0.created_at,fc1_0.registration_no,fc1_0.user_id from fleet_companies fc1_0 where fc1_0.user_id=?
Hibernate: select fc1_0.id,fc1_0.address,fc1_0.company_name,fc1_0.contact_phone,fc1_0.created_at,fc1_0.registration_no,fc1_0.user_id from fleet_companies fc1_0 where fc1_0.user_id=?
Hibernate: select fc1_0.id,fc1_0.address,fc1_0.company_name,fc1_0.contact_phone,fc1_0.created_at,fc1_0.registration_no,fc1_0.user_id from fleet_companies fc1_0 where fc1_0.user_id=?
Hibernate: select fc1_0.id,fc1_0.address,fc1_0.company_name,fc1_0.contact_phone,fc1_0.created_at,fc1_0.registration_no,fc1_0.user_id from fleet_companies fc1_0 where fc1_0.user_id=?
Hibernate: select fc1_0.id,fc1_0.address,fc1_0.company_name,fc1_0.contact_phone,fc1_0.created_at,fc1_0.registration_no,fc1_0.user_id from fleet_companies fc1_0 where fc1_0.user_id=?
Hibernate: select t1_0.id,t1_0.capacity_ton,t1_0.fleet_company_id,t1_0.status,t1_0.truck_no,t1_0.truck_type from trucks t1_0 where t1_0.fleet_company_id=?
Hibernate: select count(t1_0.id) from trips t1_0 where t1_0.truck_id in (?)
Hibernate: select fc1_0.id,fc1_0.address,fc1_0.company_name,fc1_0.contact_phone,fc1_0.created_at,fc1_0.registration_no,fc1_0.user_id from fleet_companies fc1_0 where fc1_0.user_id=?
Hibernate: select sum(ta1_0.available_capacity_ton) from truck_availability ta1_0 where ta1_0.truck_id in (?) and ta1_0.status=?
Hibernate: select fc1_0.id,fc1_0.address,fc1_0.company_name,fc1_0.contact_phone,fc1_0.created_at,fc1_0.registration_no,fc1_0.user_id from fleet_companies fc1_0 where fc1_0.user_id=?
Hibernate: select t1_0.id,t1_0.capacity_ton,t1_0.fleet_company_id,t1_0.status,t1_0.truck_no,t1_0.truck_type from trucks t1_0 where t1_0.fleet_company_id=?
Hibernate: select count(t1_0.id) from trips t1_0 where t1_0.truck_id in (?)
Hibernate: select sum(ta1_0.available_capacity_ton) from truck_availability ta1_0 where ta1_0.truck_id in (?) and ta1_0.status=?
Hibernate: select fc1_0.id,fc1_0.address,fc1_0.company_name,fc1_0.contact_phone,fc1_0.created_at,fc1_0.registration_no,fc1_0.user_id from fleet_companies fc1_0 where fc1_0.user_id=?
Hibernate: select fc1_0.id,fc1_0.address,fc1_0.company_name,fc1_0.contact_phone,fc1_0.created_at,fc1_0.registration_no,fc1_0.user_id from fleet_companies fc1_0 where fc1_0.user_id=?
Hibernate: select t1_0.id,t1_0.capacity_ton,t1_0.fleet_company_id,t1_0.status,t1_0.truck_no,t1_0.truck_type from trucks t1_0 where t1_0.fleet_company_id=?
Hibernate: select fc1_0.id,fc1_0.address,fc1_0.company_name,fc1_0.contact_phone,fc1_0.created_at,fc1_0.registration_no,fc1_0.user_id from fleet_companies fc1_0 where fc1_0.user_id=?
Hibernate: select t1_0.id,t1_0.capacity_ton,t1_0.fleet_company_id,t1_0.status,t1_0.truck_no,t1_0.truck_type from trucks t1_0 where t1_0.fleet_company_id=?
Hibernate: select fc1_0.id,fc1_0.address,fc1_0.company_name,fc1_0.contact_phone,fc1_0.created_at,fc1_0.registration_no,fc1_0.user_id from fleet_companies fc1_0 where fc1_0.user_id=?
Hibernate: select t1_0.id,t1_0.capacity_ton,t1_0.fleet_company_id,t1_0.status,t1_0.truck_no,t1_0.truck_type from trucks t1_0 where t1_0.fleet_company_id=?
Hibernate: select fc1_0.id,fc1_0.address,fc1_0.company_name,fc1_0.contact_phone,fc1_0.created_at,fc1_0.registration_no,fc1_0.user_id from fleet_companies fc1_0 where fc1_0.user_id=?
Hibernate: select t1_0.id,t1_0.capacity_ton,t1_0.fleet_company_id,t1_0.status,t1_0.truck_no,t1_0.truck_type from trucks t1_0 where t1_0.fleet_company_id=?
Hibernate: select fc1_0.id,fc1_0.address,fc1_0.company_name,fc1_0.contact_phone,fc1_0.created_at,fc1_0.registration_no,fc1_0.user_id from fleet_companies fc1_0 where fc1_0.user_id=?
Hibernate: select t1_0.id,t1_0.capacity_ton,t1_0.fleet_company_id,t1_0.status,t1_0.truck_no,t1_0.truck_type from trucks t1_0 where t1_0.fleet_company_id=?
Hibernate: select fc1_0.id,fc1_0.address,fc1_0.company_name,fc1_0.contact_phone,fc1_0.created_at,fc1_0.registration_no,fc1_0.user_id from fleet_companies fc1_0 where fc1_0.user_id=?
Hibernate: select count(t1_0.id) from trips t1_0 where t1_0.truck_id in (?)
Hibernate: select sum(ta1_0.available_capacity_ton) from truck_availability ta1_0 where ta1_0.truck_id in (?) and ta1_0.status=?
Hibernate: select fc1_0.id,fc1_0.address,fc1_0.company_name,fc1_0.contact_phone,fc1_0.created_at,fc1_0.registration_no,fc1_0.user_id from fleet_companies fc1_0 where fc1_0.user_id=?
Hibernate: select t1_0.id,t1_0.capacity_ton,t1_0.fleet_company_id,t1_0.status,t1_0.truck_no,t1_0.truck_type from trucks t1_0 where t1_0.fleet_company_id=?
Hibernate: select count(t1_0.id) from trips t1_0 where t1_0.truck_id in (?)
Hibernate: select sum(ta1_0.available_capacity_ton) from truck_availability ta1_0 where ta1_0.truck_id in (?) and ta1_0.status=?
Hibernate: select fc1_0.id,fc1_0.address,fc1_0.company_name,fc1_0.contact_phone,fc1_0.created_at,fc1_0.registration_no,fc1_0.user_id from fleet_companies fc1_0 where fc1_0.user_id=?
Hibernate: select fc1_0.id,fc1_0.address,fc1_0.company_name,fc1_0.contact_phone,fc1_0.created_at,fc1_0.registration_no,fc1_0.user_id from fleet_companies fc1_0 where fc1_0.user_id=?
Hibernate: select fc1_0.id,fc1_0.address,fc1_0.company_name,fc1_0.contact_phone,fc1_0.created_at,fc1_0.registration_no,fc1_0.user_id from fleet_companies fc1_0 where fc1_0.user_id=?
Hibernate: select fc1_0.id,fc1_0.address,fc1_0.company_name,fc1_0.contact_phone,fc1_0.created_at,fc1_0.registration_no,fc1_0.user_id from fleet_companies fc1_0 where fc1_0.user_id=?
Hibernate: select t1_0.id,t1_0.capacity_ton,t1_0.fleet_company_id,t1_0.status,t1_0.truck_no,t1_0.truck_type from trucks t1_0 where t1_0.fleet_company_id=?
Hibernate: select ta1_0.id,ta1_0.available_capacity_ton,ta1_0.available_from,ta1_0.route_from,ta1_0.route_to,ta1_0.status,ta1_0.trip_type,ta1_0.truck_id from truck_availability ta1_0 where ta1_0.truck_id in (?) order by ta1_0.available_from desc
Hibernate: select fc1_0.id,fc1_0.address,fc1_0.company_name,fc1_0.contact_phone,fc1_0.created_at,fc1_0.registration_no,fc1_0.user_id from fleet_companies fc1_0 where fc1_0.user_id=?
Hibernate: select t1_0.id,t1_0.capacity_ton,t1_0.fleet_company_id,t1_0.status,t1_0.truck_no,t1_0.truck_type from trucks t1_0 where t1_0.fleet_company_id=?
Hibernate: select ta1_0.id,ta1_0.available_capacity_ton,ta1_0.available_from,ta1_0.route_from,ta1_0.route_to,ta1_0.status,ta1_0.trip_type,ta1_0.truck_id from truck_availability ta1_0 where ta1_0.truck_id in (?) order by ta1_0.available_from desc
Hibernate: select fc1_0.id,fc1_0.address,fc1_0.company_name,fc1_0.contact_phone,fc1_0.created_at,fc1_0.registration_no,fc1_0.user_id from fleet_companies fc1_0 where fc1_0.user_id=?
Hibernate: select fc1_0.id,fc1_0.address,fc1_0.company_name,fc1_0.contact_phone,fc1_0.created_at,fc1_0.registration_no,fc1_0.user_id from fleet_companies fc1_0 where fc1_0.user_id=?
Hibernate: select t1_0.id,t1_0.capacity_ton,t1_0.fleet_company_id,t1_0.status,t1_0.truck_no,t1_0.truck_type from trucks t1_0 where t1_0.fleet_company_id=?
Hibernate: select d1_0.id,d1_0.fleet_company_id,d1_0.full_name,d1_0.license_no,d1_0.phone,d1_0.status,d1_0.user_id from drivers d1_0 where d1_0.fleet_company_id=? and d1_0.status=?
Hibernate: select t1_0.id,t1_0.driver_id,t1_0.end_time,t1_0.shipment_id,t1_0.start_time,t1_0.status,t1_0.truck_id from trips t1_0 where t1_0.truck_id in (?) order by t1_0.start_time desc
Hibernate: select fc1_0.id,fc1_0.address,fc1_0.company_name,fc1_0.contact_phone,fc1_0.created_at,fc1_0.registration_no,fc1_0.user_id from fleet_companies fc1_0 where fc1_0.user_id=?
Hibernate: select fc1_0.id,fc1_0.address,fc1_0.company_name,fc1_0.contact_phone,fc1_0.created_at,fc1_0.registration_no,fc1_0.user_id from fleet_companies fc1_0 where fc1_0.user_id=?
Hibernate: select d1_0.id,d1_0.fleet_company_id,d1_0.full_name,d1_0.license_no,d1_0.phone,d1_0.status,d1_0.user_id from drivers d1_0 where d1_0.fleet_company_id=? and d1_0.status=?
Hibernate: select t1_0.id,t1_0.capacity_ton,t1_0.fleet_company_id,t1_0.status,t1_0.truck_no,t1_0.truck_type from trucks t1_0 where t1_0.fleet_company_id=?
Hibernate: select t1_0.id,t1_0.driver_id,t1_0.end_time,t1_0.shipment_id,t1_0.start_time,t1_0.status,t1_0.truck_id from trips t1_0 where t1_0.truck_id in (?) order by t1_0.start_time desc
Hibernate: select fc1_0.id,fc1_0.address,fc1_0.company_name,fc1_0.contact_phone,fc1_0.created_at,fc1_0.registration_no,fc1_0.user_id from fleet_companies fc1_0 where fc1_0.user_id=?
Hibernate: select fc1_0.id,fc1_0.address,fc1_0.company_name,fc1_0.contact_phone,fc1_0.created_at,fc1_0.registration_no,fc1_0.user_id from fleet_companies fc1_0 where fc1_0.user_id=?
Hibernate: select d1_0.id,d1_0.fleet_company_id,d1_0.full_name,d1_0.license_no,d1_0.phone,d1_0.status,d1_0.user_id from drivers d1_0 where d1_0.user_id=?
Hibernate: select t1_0.id,t1_0.driver_id,t1_0.end_time,t1_0.shipment_id,t1_0.start_time,t1_0.status,t1_0.truck_id from trips t1_0 where t1_0.id=?
Hibernate: select d1_0.id,d1_0.fleet_company_id,d1_0.full_name,d1_0.license_no,d1_0.phone,d1_0.status,d1_0.user_id from drivers d1_0 where d1_0.user_id=?
Hibernate: select t1_0.id,t1_0.driver_id,t1_0.end_time,t1_0.shipment_id,t1_0.start_time,t1_0.status,t1_0.truck_id from trips t1_0 where t1_0.id=?
2026-08-01T06:16:04.218+05:30  INFO 38740 --- [FLEET-SERVICE] [rap-executor-%d] c.n.d.s.r.aws.ConfigClusterResolver      : Resolving eureka endpoints via configuration
Hibernate: select fc1_0.id,fc1_0.address,fc1_0.company_name,fc1_0.contact_phone,fc1_0.created_at,fc1_0.registration_no,fc1_0.user_id from fleet_companies fc1_0 where fc1_0.user_id=?
Hibernate: select t1_0.id,t1_0.capacity_ton,t1_0.fleet_company_id,t1_0.status,t1_0.truck_no,t1_0.truck_type from trucks t1_0 where t1_0.fleet_company_id=?
Hibernate: select d1_0.id,d1_0.fleet_company_id,d1_0.full_name,d1_0.license_no,d1_0.phone,d1_0.status,d1_0.user_id from drivers d1_0 where d1_0.fleet_company_id=? and d1_0.status=?
Hibernate: select t1_0.id,t1_0.driver_id,t1_0.end_time,t1_0.shipment_id,t1_0.start_time,t1_0.status,t1_0.truck_id from trips t1_0 where t1_0.truck_id in (?) order by t1_0.start_time desc
Hibernate: select fc1_0.id,fc1_0.address,fc1_0.company_name,fc1_0.contact_phone,fc1_0.created_at,fc1_0.registration_no,fc1_0.user_id from fleet_companies fc1_0 where fc1_0.user_id=?
Hibernate: select t1_0.id,t1_0.capacity_ton,t1_0.fleet_company_id,t1_0.status,t1_0.truck_no,t1_0.truck_type from trucks t1_0 where t1_0.fleet_company_id=?
Hibernate: select d1_0.id,d1_0.fleet_company_id,d1_0.full_name,d1_0.license_no,d1_0.phone,d1_0.status,d1_0.user_id from drivers d1_0 where d1_0.fleet_company_id=? and d1_0.status=?
Hibernate: select t1_0.id,t1_0.driver_id,t1_0.end_time,t1_0.shipment_id,t1_0.start_time,t1_0.status,t1_0.truck_id from trips t1_0 where t1_0.truck_id in (?) order by t1_0.start_time desc
Hibernate: select fc1_0.id,fc1_0.address,fc1_0.company_name,fc1_0.contact_phone,fc1_0.created_at,fc1_0.registration_no,fc1_0.user_id from fleet_companies fc1_0 where fc1_0.user_id=?
Hibernate: select t1_0.id,t1_0.capacity_ton,t1_0.fleet_company_id,t1_0.status,t1_0.truck_no,t1_0.truck_type from trucks t1_0 where t1_0.fleet_company_id=?
Hibernate: select ta1_0.id,ta1_0.available_capacity_ton,ta1_0.available_from,ta1_0.route_from,ta1_0.route_to,ta1_0.status,ta1_0.trip_type,ta1_0.truck_id from truck_availability ta1_0 where ta1_0.truck_id in (?) order by ta1_0.available_from desc
Hibernate: select fc1_0.id,fc1_0.address,fc1_0.company_name,fc1_0.contact_phone,fc1_0.created_at,fc1_0.registration_no,fc1_0.user_id from fleet_companies fc1_0 where fc1_0.user_id=?
Hibernate: select t1_0.id,t1_0.capacity_ton,t1_0.fleet_company_id,t1_0.status,t1_0.truck_no,t1_0.truck_type from trucks t1_0 where t1_0.fleet_company_id=?
Hibernate: select ta1_0.id,ta1_0.available_capacity_ton,ta1_0.available_from,ta1_0.route_from,ta1_0.route_to,ta1_0.status,ta1_0.trip_type,ta1_0.truck_id from truck_availability ta1_0 where ta1_0.truck_id in (?) order by ta1_0.available_from desc
Hibernate: select fc1_0.id,fc1_0.address,fc1_0.company_name,fc1_0.contact_phone,fc1_0.created_at,fc1_0.registration_no,fc1_0.user_id from fleet_companies fc1_0 where fc1_0.user_id=?
Hibernate: select t1_0.id,t1_0.capacity_ton,t1_0.fleet_company_id,t1_0.status,t1_0.truck_no,t1_0.truck_type from trucks t1_0 where t1_0.fleet_company_id=?
Hibernate: select fc1_0.id,fc1_0.address,fc1_0.company_name,fc1_0.contact_phone,fc1_0.created_at,fc1_0.registration_no,fc1_0.user_id from fleet_companies fc1_0 where fc1_0.user_id=?
Hibernate: select t1_0.id,t1_0.capacity_ton,t1_0.fleet_company_id,t1_0.status,t1_0.truck_no,t1_0.truck_type from trucks t1_0 where t1_0.id=?
Hibernate: insert into truck_availability (available_capacity_ton,available_from,route_from,route_to,status,trip_type,truck_id) values (?,?,?,?,?,?,?)
Hibernate: select fc1_0.id,fc1_0.address,fc1_0.company_name,fc1_0.contact_phone,fc1_0.created_at,fc1_0.registration_no,fc1_0.user_id from fleet_companies fc1_0 where fc1_0.user_id=?
Hibernate: select t1_0.id,t1_0.capacity_ton,t1_0.fleet_company_id,t1_0.status,t1_0.truck_no,t1_0.truck_type from trucks t1_0 where t1_0.fleet_company_id=?
Hibernate: select ta1_0.id,ta1_0.available_capacity_ton,ta1_0.available_from,ta1_0.route_from,ta1_0.route_to,ta1_0.status,ta1_0.trip_type,ta1_0.truck_id from truck_availability ta1_0 where ta1_0.truck_id in (?) order by ta1_0.available_from desc
Hibernate: select ta1_0.id,ta1_0.available_capacity_ton,ta1_0.available_from,ta1_0.route_from,ta1_0.route_to,ta1_0.status,ta1_0.trip_type,ta1_0.truck_id from truck_availability ta1_0 where ta1_0.status=? and (? is null or lower(ta1_0.route_from)=lower(?)) and (? is null or lower(ta1_0.route_to)=lower(?)) and ta1_0.available_capacity_ton>=? order by ta1_0.available_capacity_ton
Hibernate: select t1_0.id,t1_0.capacity_ton,t1_0.fleet_company_id,t1_0.status,t1_0.truck_no,t1_0.truck_type from trucks t1_0 where t1_0.id in (?,?)
Hibernate: select ta1_0.id,ta1_0.available_capacity_ton,ta1_0.available_from,ta1_0.route_from,ta1_0.route_to,ta1_0.status,ta1_0.trip_type,ta1_0.truck_id from truck_availability ta1_0 where ta1_0.id=?
Hibernate: update truck_availability set available_capacity_ton=?,available_from=?,route_from=?,route_to=?,status=?,trip_type=?,truck_id=? where id=?
Hibernate: select fc1_0.id,fc1_0.address,fc1_0.company_name,fc1_0.contact_phone,fc1_0.created_at,fc1_0.registration_no,fc1_0.user_id from fleet_companies fc1_0 where fc1_0.id=?
Hibernate: select fc1_0.id,fc1_0.address,fc1_0.company_name,fc1_0.contact_phone,fc1_0.created_at,fc1_0.registration_no,fc1_0.user_id from fleet_companies fc1_0 where fc1_0.user_id=?
Hibernate: select t1_0.id,t1_0.capacity_ton,t1_0.fleet_company_id,t1_0.status,t1_0.truck_no,t1_0.truck_type from trucks t1_0 where t1_0.fleet_company_id=?
Hibernate: select d1_0.id,d1_0.fleet_company_id,d1_0.full_name,d1_0.license_no,d1_0.phone,d1_0.status,d1_0.user_id from drivers d1_0 where d1_0.fleet_company_id=? and d1_0.status=?
Hibernate: select t1_0.id,t1_0.driver_id,t1_0.end_time,t1_0.shipment_id,t1_0.start_time,t1_0.status,t1_0.truck_id from trips t1_0 where t1_0.truck_id in (?) order by t1_0.start_time desc
Hibernate: select fc1_0.id,fc1_0.address,fc1_0.company_name,fc1_0.contact_phone,fc1_0.created_at,fc1_0.registration_no,fc1_0.user_id from fleet_companies fc1_0 where fc1_0.user_id=?
Hibernate: select t1_0.id,t1_0.capacity_ton,t1_0.fleet_company_id,t1_0.status,t1_0.truck_no,t1_0.truck_type from trucks t1_0 where t1_0.fleet_company_id=?
Hibernate: select d1_0.id,d1_0.fleet_company_id,d1_0.full_name,d1_0.license_no,d1_0.phone,d1_0.status,d1_0.user_id from drivers d1_0 where d1_0.fleet_company_id=? and d1_0.status=?
Hibernate: select t1_0.id,t1_0.driver_id,t1_0.end_time,t1_0.shipment_id,t1_0.start_time,t1_0.status,t1_0.truck_id from trips t1_0 where t1_0.truck_id in (?) order by t1_0.start_time desc
Hibernate: select fc1_0.id,fc1_0.address,fc1_0.company_name,fc1_0.contact_phone,fc1_0.created_at,fc1_0.registration_no,fc1_0.user_id from fleet_companies fc1_0 where fc1_0.user_id=?
Hibernate: select fc1_0.id,fc1_0.address,fc1_0.company_name,fc1_0.contact_phone,fc1_0.created_at,fc1_0.registration_no,fc1_0.user_id from fleet_companies fc1_0 where fc1_0.user_id=?
Hibernate: select t1_0.id,t1_0.capacity_ton,t1_0.fleet_company_id,t1_0.status,t1_0.truck_no,t1_0.truck_type from trucks t1_0 where t1_0.id=?
Hibernate: insert into trips (driver_id,end_time,shipment_id,start_time,status,truck_id) values (?,?,?,?,?,?)
Hibernate: select fc1_0.id,fc1_0.address,fc1_0.company_name,fc1_0.contact_phone,fc1_0.created_at,fc1_0.registration_no,fc1_0.user_id from fleet_companies fc1_0 where fc1_0.user_id=?
Hibernate: select fc1_0.id,fc1_0.address,fc1_0.company_name,fc1_0.contact_phone,fc1_0.created_at,fc1_0.registration_no,fc1_0.user_id from fleet_companies fc1_0 where fc1_0.user_id=?
Hibernate: select t1_0.id,t1_0.capacity_ton,t1_0.fleet_company_id,t1_0.status,t1_0.truck_no,t1_0.truck_type from trucks t1_0 where t1_0.fleet_company_id=?
Hibernate: select count(t1_0.id) from trips t1_0 where t1_0.truck_id in (?)
Hibernate: select sum(ta1_0.available_capacity_ton) from truck_availability ta1_0 where ta1_0.truck_id in (?) and ta1_0.status=?
Hibernate: select fc1_0.id,fc1_0.address,fc1_0.company_name,fc1_0.contact_phone,fc1_0.created_at,fc1_0.registration_no,fc1_0.user_id from fleet_companies fc1_0 where fc1_0.user_id=?
Hibernate: select fc1_0.id,fc1_0.address,fc1_0.company_name,fc1_0.contact_phone,fc1_0.created_at,fc1_0.registration_no,fc1_0.user_id from fleet_companies fc1_0 where fc1_0.user_id=?
Hibernate: select t1_0.id,t1_0.capacity_ton,t1_0.fleet_company_id,t1_0.status,t1_0.truck_no,t1_0.truck_type from trucks t1_0 where t1_0.fleet_company_id=?
Hibernate: select count(t1_0.id) from trips t1_0 where t1_0.truck_id in (?)
Hibernate: select sum(ta1_0.available_capacity_ton) from truck_availability ta1_0 where ta1_0.truck_id in (?) and ta1_0.status=?
Hibernate: select fc1_0.id,fc1_0.address,fc1_0.company_name,fc1_0.contact_phone,fc1_0.created_at,fc1_0.registration_no,fc1_0.user_id from fleet_companies fc1_0 where fc1_0.user_id=?
Hibernate: select fc1_0.id,fc1_0.address,fc1_0.company_name,fc1_0.contact_phone,fc1_0.created_at,fc1_0.registration_no,fc1_0.user_id from fleet_companies fc1_0 where fc1_0.user_id=?
Hibernate: select fc1_0.id,fc1_0.address,fc1_0.company_name,fc1_0.contact_phone,fc1_0.created_at,fc1_0.registration_no,fc1_0.user_id from fleet_companies fc1_0 where fc1_0.user_id=?
Hibernate: select fc1_0.id,fc1_0.address,fc1_0.company_name,fc1_0.contact_phone,fc1_0.created_at,fc1_0.registration_no,fc1_0.user_id from fleet_companies fc1_0 where fc1_0.user_id=?
Hibernate: select fc1_0.id,fc1_0.address,fc1_0.company_name,fc1_0.contact_phone,fc1_0.created_at,fc1_0.registration_no,fc1_0.user_id from fleet_companies fc1_0 where fc1_0.user_id=?
Hibernate: select fc1_0.id,fc1_0.address,fc1_0.company_name,fc1_0.contact_phone,fc1_0.created_at,fc1_0.registration_no,fc1_0.user_id from fleet_companies fc1_0 where fc1_0.user_id=?
Hibernate: select fc1_0.id,fc1_0.address,fc1_0.company_name,fc1_0.contact_phone,fc1_0.created_at,fc1_0.registration_no,fc1_0.user_id from fleet_companies fc1_0 where fc1_0.user_id=?
Hibernate: select t1_0.id,t1_0.capacity_ton,t1_0.fleet_company_id,t1_0.status,t1_0.truck_no,t1_0.truck_type from trucks t1_0 where t1_0.fleet_company_id=?
Hibernate: select d1_0.id,d1_0.fleet_company_id,d1_0.full_name,d1_0.license_no,d1_0.phone,d1_0.status,d1_0.user_id from drivers d1_0 where d1_0.fleet_company_id=? and d1_0.status=?
Hibernate: select t1_0.id,t1_0.driver_id,t1_0.end_time,t1_0.shipment_id,t1_0.start_time,t1_0.status,t1_0.truck_id from trips t1_0 where t1_0.truck_id in (?) order by t1_0.start_time desc
Hibernate: select fc1_0.id,fc1_0.address,fc1_0.company_name,fc1_0.contact_phone,fc1_0.created_at,fc1_0.registration_no,fc1_0.user_id from fleet_companies fc1_0 where fc1_0.user_id=?
Hibernate: select t1_0.id,t1_0.capacity_ton,t1_0.fleet_company_id,t1_0.status,t1_0.truck_no,t1_0.truck_type from trucks t1_0 where t1_0.fleet_company_id=?
Hibernate: select fc1_0.id,fc1_0.address,fc1_0.company_name,fc1_0.contact_phone,fc1_0.created_at,fc1_0.registration_no,fc1_0.user_id from fleet_companies fc1_0 where fc1_0.user_id=?
Hibernate: select t1_0.id,t1_0.driver_id,t1_0.end_time,t1_0.shipment_id,t1_0.start_time,t1_0.status,t1_0.truck_id from trips t1_0 where t1_0.truck_id in (?) order by t1_0.start_time desc
Hibernate: select d1_0.id,d1_0.fleet_company_id,d1_0.full_name,d1_0.license_no,d1_0.phone,d1_0.status,d1_0.user_id from drivers d1_0 where d1_0.fleet_company_id=? and d1_0.status=?
2026-08-01T06:21:06.564+05:30  INFO 38740 --- [FLEET-SERVICE] [rap-executor-%d] c.n.d.s.r.aws.ConfigClusterResolver      : Resolving eureka endpoints via configuration
Hibernate: select t1_0.id,t1_0.driver_id,t1_0.end_time,t1_0.shipment_id,t1_0.start_time,t1_0.status,t1_0.truck_id from trips t1_0 where t1_0.id=?
Hibernate: select d1_0.id,d1_0.fleet_company_id,d1_0.full_name,d1_0.license_no,d1_0.phone,d1_0.status,d1_0.user_id from drivers d1_0 where d1_0.id=?
Hibernate: update trips set driver_id=?,end_time=?,shipment_id=?,start_time=?,status=?,truck_id=? where id=?
Hibernate: update drivers set fleet_company_id=?,full_name=?,license_no=?,phone=?,status=?,user_id=? where id=?
Hibernate: select fc1_0.id,fc1_0.address,fc1_0.company_name,fc1_0.contact_phone,fc1_0.created_at,fc1_0.registration_no,fc1_0.user_id from fleet_companies fc1_0 where fc1_0.user_id=?
Hibernate: select fc1_0.id,fc1_0.address,fc1_0.company_name,fc1_0.contact_phone,fc1_0.created_at,fc1_0.registration_no,fc1_0.user_id from fleet_companies fc1_0 where fc1_0.user_id=?
Hibernate: select t1_0.id,t1_0.capacity_ton,t1_0.fleet_company_id,t1_0.status,t1_0.truck_no,t1_0.truck_type from trucks t1_0 where t1_0.fleet_company_id=?
Hibernate: select d1_0.id,d1_0.fleet_company_id,d1_0.full_name,d1_0.license_no,d1_0.phone,d1_0.status,d1_0.user_id from drivers d1_0 where d1_0.fleet_company_id=? and d1_0.status=?
Hibernate: select t1_0.id,t1_0.driver_id,t1_0.end_time,t1_0.shipment_id,t1_0.start_time,t1_0.status,t1_0.truck_id from trips t1_0 where t1_0.truck_id in (?) order by t1_0.start_time desc
Hibernate: select fc1_0.id,fc1_0.address,fc1_0.company_name,fc1_0.contact_phone,fc1_0.created_at,fc1_0.registration_no,fc1_0.user_id from fleet_companies fc1_0 where fc1_0.user_id=?
Hibernate: select t1_0.id,t1_0.capacity_ton,t1_0.fleet_company_id,t1_0.status,t1_0.truck_no,t1_0.truck_type from trucks t1_0 where t1_0.fleet_company_id=?
Hibernate: select d1_0.id,d1_0.fleet_company_id,d1_0.full_name,d1_0.license_no,d1_0.phone,d1_0.status,d1_0.user_id from drivers d1_0 where d1_0.fleet_company_id=? and d1_0.status=?
Hibernate: select t1_0.id,t1_0.driver_id,t1_0.end_time,t1_0.shipment_id,t1_0.start_time,t1_0.status,t1_0.truck_id from trips t1_0 where t1_0.truck_id in (?) order by t1_0.start_time desc
Hibernate: select fc1_0.id,fc1_0.address,fc1_0.company_name,fc1_0.contact_phone,fc1_0.created_at,fc1_0.registration_no,fc1_0.user_id from fleet_companies fc1_0 where fc1_0.user_id=?
Hibernate: select t1_0.id,t1_0.capacity_ton,t1_0.fleet_company_id,t1_0.status,t1_0.truck_no,t1_0.truck_type from trucks t1_0 where t1_0.fleet_company_id=?
Hibernate: select d1_0.id,d1_0.fleet_company_id,d1_0.full_name,d1_0.license_no,d1_0.phone,d1_0.status,d1_0.user_id from drivers d1_0 where d1_0.fleet_company_id=? and d1_0.status=?
Hibernate: select t1_0.id,t1_0.driver_id,t1_0.end_time,t1_0.shipment_id,t1_0.start_time,t1_0.status,t1_0.truck_id from trips t1_0 where t1_0.truck_id in (?) order by t1_0.start_time desc
Hibernate: select fc1_0.id,fc1_0.address,fc1_0.company_name,fc1_0.contact_phone,fc1_0.created_at,fc1_0.registration_no,fc1_0.user_id from fleet_companies fc1_0 where fc1_0.user_id=?
Hibernate: select fc1_0.id,fc1_0.address,fc1_0.company_name,fc1_0.contact_phone,fc1_0.created_at,fc1_0.registration_no,fc1_0.user_id from fleet_companies fc1_0 where fc1_0.user_id=?
Hibernate: select fc1_0.id,fc1_0.address,fc1_0.company_name,fc1_0.contact_phone,fc1_0.created_at,fc1_0.registration_no,fc1_0.user_id from fleet_companies fc1_0 where fc1_0.user_id=?
Hibernate: select t1_0.id,t1_0.capacity_ton,t1_0.fleet_company_id,t1_0.status,t1_0.truck_no,t1_0.truck_type from trucks t1_0 where t1_0.fleet_company_id=?
Hibernate: select ta1_0.id,ta1_0.available_capacity_ton,ta1_0.available_from,ta1_0.route_from,ta1_0.route_to,ta1_0.status,ta1_0.trip_type,ta1_0.truck_id from truck_availability ta1_0 where ta1_0.truck_id in (?) order by ta1_0.available_from desc
Hibernate: select fc1_0.id,fc1_0.address,fc1_0.company_name,fc1_0.contact_phone,fc1_0.created_at,fc1_0.registration_no,fc1_0.user_id from fleet_companies fc1_0 where fc1_0.user_id=?
Hibernate: select t1_0.id,t1_0.capacity_ton,t1_0.fleet_company_id,t1_0.status,t1_0.truck_no,t1_0.truck_type from trucks t1_0 where t1_0.fleet_company_id=?
Hibernate: select ta1_0.id,ta1_0.available_capacity_ton,ta1_0.available_from,ta1_0.route_from,ta1_0.route_to,ta1_0.status,ta1_0.trip_type,ta1_0.truck_id from truck_availability ta1_0 where ta1_0.truck_id in (?) order by ta1_0.available_from desc
Hibernate: select fc1_0.id,fc1_0.address,fc1_0.company_name,fc1_0.contact_phone,fc1_0.created_at,fc1_0.registration_no,fc1_0.user_id from fleet_companies fc1_0 where fc1_0.user_id=?
Hibernate: select fc1_0.id,fc1_0.address,fc1_0.company_name,fc1_0.contact_phone,fc1_0.created_at,fc1_0.registration_no,fc1_0.user_id from fleet_companies fc1_0 where fc1_0.user_id=?
Hibernate: select fc1_0.id,fc1_0.address,fc1_0.company_name,fc1_0.contact_phone,fc1_0.created_at,fc1_0.registration_no,fc1_0.user_id from fleet_companies fc1_0 where fc1_0.user_id=?
Hibernate: select fc1_0.id,fc1_0.address,fc1_0.company_name,fc1_0.contact_phone,fc1_0.created_at,fc1_0.registration_no,fc1_0.user_id from fleet_companies fc1_0 where fc1_0.user_id=?
Hibernate: select t1_0.id,t1_0.capacity_ton,t1_0.fleet_company_id,t1_0.status,t1_0.truck_no,t1_0.truck_type from trucks t1_0 where t1_0.fleet_company_id=?
Hibernate: select t1_0.id,t1_0.driver_id,t1_0.end_time,t1_0.shipment_id,t1_0.start_time,t1_0.status,t1_0.truck_id from trips t1_0 where t1_0.truck_id in (?) order by t1_0.start_time desc
Hibernate: select d1_0.id,d1_0.fleet_company_id,d1_0.full_name,d1_0.license_no,d1_0.phone,d1_0.status,d1_0.user_id from drivers d1_0 where d1_0.fleet_company_id=? and d1_0.status=?
Hibernate: select fc1_0.id,fc1_0.address,fc1_0.company_name,fc1_0.contact_phone,fc1_0.created_at,fc1_0.registration_no,fc1_0.user_id from fleet_companies fc1_0 where fc1_0.user_id=?
Hibernate: select t1_0.id,t1_0.capacity_ton,t1_0.fleet_company_id,t1_0.status,t1_0.truck_no,t1_0.truck_type from trucks t1_0 where t1_0.fleet_company_id=?
Hibernate: select t1_0.id,t1_0.driver_id,t1_0.end_time,t1_0.shipment_id,t1_0.start_time,t1_0.status,t1_0.truck_id from trips t1_0 where t1_0.truck_id in (?) order by t1_0.start_time desc
Hibernate: select fc1_0.id,fc1_0.address,fc1_0.company_name,fc1_0.contact_phone,fc1_0.created_at,fc1_0.registration_no,fc1_0.user_id from fleet_companies fc1_0 where fc1_0.user_id=?
Hibernate: select d1_0.id,d1_0.fleet_company_id,d1_0.full_name,d1_0.license_no,d1_0.phone,d1_0.status,d1_0.user_id from drivers d1_0 where d1_0.fleet_company_id=? and d1_0.status=?
Hibernate: select d1_0.id,d1_0.fleet_company_id,d1_0.full_name,d1_0.license_no,d1_0.phone,d1_0.status,d1_0.user_id from drivers d1_0 where d1_0.user_id=?
Hibernate: select t1_0.id,t1_0.driver_id,t1_0.end_time,t1_0.shipment_id,t1_0.start_time,t1_0.status,t1_0.truck_id from trips t1_0 where t1_0.driver_id=? order by t1_0.start_time desc
Hibernate: select d1_0.id,d1_0.fleet_company_id,d1_0.full_name,d1_0.license_no,d1_0.phone,d1_0.status,d1_0.user_id from drivers d1_0 where d1_0.user_id=?
Hibernate: select t1_0.id,t1_0.driver_id,t1_0.end_time,t1_0.shipment_id,t1_0.start_time,t1_0.status,t1_0.truck_id from trips t1_0 where t1_0.id=?
Hibernate: update trips set driver_id=?,end_time=?,shipment_id=?,start_time=?,status=?,truck_id=? where id=?
Hibernate: select d1_0.id,d1_0.fleet_company_id,d1_0.full_name,d1_0.license_no,d1_0.phone,d1_0.status,d1_0.user_id from drivers d1_0 where d1_0.user_id=?
Hibernate: select t1_0.id,t1_0.driver_id,t1_0.end_time,t1_0.shipment_id,t1_0.start_time,t1_0.status,t1_0.truck_id from trips t1_0 where t1_0.driver_id=? order by t1_0.start_time desc
Hibernate: select d1_0.id,d1_0.fleet_company_id,d1_0.full_name,d1_0.license_no,d1_0.phone,d1_0.status,d1_0.user_id from drivers d1_0 where d1_0.user_id=?
Hibernate: select t1_0.id,t1_0.driver_id,t1_0.end_time,t1_0.shipment_id,t1_0.start_time,t1_0.status,t1_0.truck_id from trips t1_0 where t1_0.driver_id=? order by t1_0.start_time desc
Hibernate: select d1_0.id,d1_0.fleet_company_id,d1_0.full_name,d1_0.license_no,d1_0.phone,d1_0.status,d1_0.user_id from drivers d1_0 where d1_0.user_id=?
Hibernate: select t1_0.id,t1_0.driver_id,t1_0.end_time,t1_0.shipment_id,t1_0.start_time,t1_0.status,t1_0.truck_id from trips t1_0 where t1_0.driver_id=? order by t1_0.start_time desc
Hibernate: select d1_0.id,d1_0.fleet_company_id,d1_0.full_name,d1_0.license_no,d1_0.phone,d1_0.status,d1_0.user_id from drivers d1_0 where d1_0.user_id=?
Hibernate: select t1_0.id,t1_0.driver_id,t1_0.end_time,t1_0.shipment_id,t1_0.start_time,t1_0.status,t1_0.truck_id from trips t1_0 where t1_0.driver_id=? order by t1_0.start_time desc
Hibernate: select d1_0.id,d1_0.fleet_company_id,d1_0.full_name,d1_0.license_no,d1_0.phone,d1_0.status,d1_0.user_id from drivers d1_0 where d1_0.user_id=?
Hibernate: select t1_0.id,t1_0.driver_id,t1_0.end_time,t1_0.shipment_id,t1_0.start_time,t1_0.status,t1_0.truck_id from trips t1_0 where t1_0.driver_id=? order by t1_0.start_time desc
Hibernate: select d1_0.id,d1_0.fleet_company_id,d1_0.full_name,d1_0.license_no,d1_0.phone,d1_0.status,d1_0.user_id from drivers d1_0 where d1_0.user_id=?
Hibernate: select t1_0.id,t1_0.driver_id,t1_0.end_time,t1_0.shipment_id,t1_0.start_time,t1_0.status,t1_0.truck_id from trips t1_0 where t1_0.driver_id=? order by t1_0.start_time desc
Hibernate: select d1_0.id,d1_0.fleet_company_id,d1_0.full_name,d1_0.license_no,d1_0.phone,d1_0.status,d1_0.user_id from drivers d1_0 where d1_0.user_id=?
Hibernate: select t1_0.id,t1_0.driver_id,t1_0.end_time,t1_0.shipment_id,t1_0.start_time,t1_0.status,t1_0.truck_id from trips t1_0 where t1_0.driver_id=? order by t1_0.start_time desc
Hibernate: select d1_0.id,d1_0.fleet_company_id,d1_0.full_name,d1_0.license_no,d1_0.phone,d1_0.status,d1_0.user_id from drivers d1_0 where d1_0.user_id=?
Hibernate: select t1_0.id,t1_0.driver_id,t1_0.end_time,t1_0.shipment_id,t1_0.start_time,t1_0.status,t1_0.truck_id from trips t1_0 where t1_0.driver_id=? order by t1_0.start_time desc
Hibernate: select d1_0.id,d1_0.fleet_company_id,d1_0.full_name,d1_0.license_no,d1_0.phone,d1_0.status,d1_0.user_id from drivers d1_0 where d1_0.user_id=?
Hibernate: select t1_0.id,t1_0.driver_id,t1_0.end_time,t1_0.shipment_id,t1_0.start_time,t1_0.status,t1_0.truck_id from trips t1_0 where t1_0.driver_id=? order by t1_0.start_time desc
Hibernate: select d1_0.id,d1_0.fleet_company_id,d1_0.full_name,d1_0.license_no,d1_0.phone,d1_0.status,d1_0.user_id from drivers d1_0 where d1_0.user_id=?
Hibernate: select t1_0.id,t1_0.driver_id,t1_0.end_time,t1_0.shipment_id,t1_0.start_time,t1_0.status,t1_0.truck_id from trips t1_0 where t1_0.driver_id=? order by t1_0.start_time desc
Hibernate: select d1_0.id,d1_0.fleet_company_id,d1_0.full_name,d1_0.license_no,d1_0.phone,d1_0.status,d1_0.user_id from drivers d1_0 where d1_0.user_id=?
Hibernate: select t1_0.id,t1_0.driver_id,t1_0.end_time,t1_0.shipment_id,t1_0.start_time,t1_0.status,t1_0.truck_id from trips t1_0 where t1_0.driver_id=? order by t1_0.start_time desc
Hibernate: select d1_0.id,d1_0.fleet_company_id,d1_0.full_name,d1_0.license_no,d1_0.phone,d1_0.status,d1_0.user_id from drivers d1_0 where d1_0.user_id=?
Hibernate: select t1_0.id,t1_0.driver_id,t1_0.end_time,t1_0.shipment_id,t1_0.start_time,t1_0.status,t1_0.truck_id from trips t1_0 where t1_0.driver_id=? order by t1_0.start_time desc
Hibernate: select d1_0.id,d1_0.fleet_company_id,d1_0.full_name,d1_0.license_no,d1_0.phone,d1_0.status,d1_0.user_id from drivers d1_0 where d1_0.user_id=?
Hibernate: select t1_0.id,t1_0.driver_id,t1_0.end_time,t1_0.shipment_id,t1_0.start_time,t1_0.status,t1_0.truck_id from trips t1_0 where t1_0.driver_id=? order by t1_0.start_time desc
Hibernate: select d1_0.id,d1_0.fleet_company_id,d1_0.full_name,d1_0.license_no,d1_0.phone,d1_0.status,d1_0.user_id from drivers d1_0 where d1_0.user_id=?
Hibernate: select t1_0.id,t1_0.driver_id,t1_0.end_time,t1_0.shipment_id,t1_0.start_time,t1_0.status,t1_0.truck_id from trips t1_0 where t1_0.driver_id=? order by t1_0.start_time desc
Hibernate: select d1_0.id,d1_0.fleet_company_id,d1_0.full_name,d1_0.license_no,d1_0.phone,d1_0.status,d1_0.user_id from drivers d1_0 where d1_0.user_id=?
Hibernate: select t1_0.id,t1_0.driver_id,t1_0.end_time,t1_0.shipment_id,t1_0.start_time,t1_0.status,t1_0.truck_id from trips t1_0 where t1_0.driver_id=? order by t1_0.start_time desc
Hibernate: select d1_0.id,d1_0.fleet_company_id,d1_0.full_name,d1_0.license_no,d1_0.phone,d1_0.status,d1_0.user_id from drivers d1_0 where d1_0.user_id=?
Hibernate: select t1_0.id,t1_0.driver_id,t1_0.end_time,t1_0.shipment_id,t1_0.start_time,t1_0.status,t1_0.truck_id from trips t1_0 where t1_0.driver_id=? order by t1_0.start_time desc
Hibernate: select d1_0.id,d1_0.fleet_company_id,d1_0.full_name,d1_0.license_no,d1_0.phone,d1_0.status,d1_0.user_id from drivers d1_0 where d1_0.user_id=?
Hibernate: select t1_0.id,t1_0.driver_id,t1_0.end_time,t1_0.shipment_id,t1_0.start_time,t1_0.status,t1_0.truck_id from trips t1_0 where t1_0.driver_id=? order by t1_0.start_time desc
Hibernate: select d1_0.id,d1_0.fleet_company_id,d1_0.full_name,d1_0.license_no,d1_0.phone,d1_0.status,d1_0.user_id from drivers d1_0 where d1_0.user_id=?
Hibernate: select t1_0.id,t1_0.driver_id,t1_0.end_time,t1_0.shipment_id,t1_0.start_time,t1_0.status,t1_0.truck_id from trips t1_0 where t1_0.driver_id=? order by t1_0.start_time desc
Hibernate: select d1_0.id,d1_0.fleet_company_id,d1_0.full_name,d1_0.license_no,d1_0.phone,d1_0.status,d1_0.user_id from drivers d1_0 where d1_0.user_id=?
Hibernate: select t1_0.id,t1_0.driver_id,t1_0.end_time,t1_0.shipment_id,t1_0.start_time,t1_0.status,t1_0.truck_id from trips t1_0 where t1_0.driver_id=? order by t1_0.start_time desc
Hibernate: select d1_0.id,d1_0.fleet_company_id,d1_0.full_name,d1_0.license_no,d1_0.phone,d1_0.status,d1_0.user_id from drivers d1_0 where d1_0.user_id=?
Hibernate: select t1_0.id,t1_0.driver_id,t1_0.end_time,t1_0.shipment_id,t1_0.start_time,t1_0.status,t1_0.truck_id from trips t1_0 where t1_0.driver_id=? order by t1_0.start_time desc
Hibernate: select d1_0.id,d1_0.fleet_company_id,d1_0.full_name,d1_0.license_no,d1_0.phone,d1_0.status,d1_0.user_id from drivers d1_0 where d1_0.user_id=?
Hibernate: select t1_0.id,t1_0.driver_id,t1_0.end_time,t1_0.shipment_id,t1_0.start_time,t1_0.status,t1_0.truck_id from trips t1_0 where t1_0.driver_id=? order by t1_0.start_time desc
Hibernate: select d1_0.id,d1_0.fleet_company_id,d1_0.full_name,d1_0.license_no,d1_0.phone,d1_0.status,d1_0.user_id from drivers d1_0 where d1_0.user_id=?
Hibernate: select t1_0.id,t1_0.driver_id,t1_0.end_time,t1_0.shipment_id,t1_0.start_time,t1_0.status,t1_0.truck_id from trips t1_0 where t1_0.driver_id=? order by t1_0.start_time desc
Hibernate: select d1_0.id,d1_0.fleet_company_id,d1_0.full_name,d1_0.license_no,d1_0.phone,d1_0.status,d1_0.user_id from drivers d1_0 where d1_0.user_id=?
Hibernate: select t1_0.id,t1_0.driver_id,t1_0.end_time,t1_0.shipment_id,t1_0.start_time,t1_0.status,t1_0.truck_id from trips t1_0 where t1_0.driver_id=? order by t1_0.start_time desc
Hibernate: select d1_0.id,d1_0.fleet_company_id,d1_0.full_name,d1_0.license_no,d1_0.phone,d1_0.status,d1_0.user_id from drivers d1_0 where d1_0.user_id=?
Hibernate: select t1_0.id,t1_0.driver_id,t1_0.end_time,t1_0.shipment_id,t1_0.start_time,t1_0.status,t1_0.truck_id from trips t1_0 where t1_0.driver_id=? order by t1_0.start_time desc
2026-08-01T06:26:06.564+05:30  INFO 38740 --- [FLEET-SERVICE] [rap-executor-%d] c.n.d.s.r.aws.ConfigClusterResolver      : Resolving eureka endpoints via configuration
Hibernate: select d1_0.id,d1_0.fleet_company_id,d1_0.full_name,d1_0.license_no,d1_0.phone,d1_0.status,d1_0.user_id from drivers d1_0 where d1_0.user_id=?
Hibernate: select t1_0.id,t1_0.driver_id,t1_0.end_time,t1_0.shipment_id,t1_0.start_time,t1_0.status,t1_0.truck_id from trips t1_0 where t1_0.driver_id=? order by t1_0.start_time desc
Hibernate: select fc1_0.id,fc1_0.address,fc1_0.company_name,fc1_0.contact_phone,fc1_0.created_at,fc1_0.registration_no,fc1_0.user_id from fleet_companies fc1_0 where fc1_0.user_id=?
Hibernate: select fc1_0.id,fc1_0.address,fc1_0.company_name,fc1_0.contact_phone,fc1_0.created_at,fc1_0.registration_no,fc1_0.user_id from fleet_companies fc1_0 where fc1_0.user_id=?
Hibernate: select d1_0.id,d1_0.fleet_company_id,d1_0.full_name,d1_0.license_no,d1_0.phone,d1_0.status,d1_0.user_id from drivers d1_0 where d1_0.fleet_company_id=? and d1_0.status=?
Hibernate: select t1_0.id,t1_0.capacity_ton,t1_0.fleet_company_id,t1_0.status,t1_0.truck_no,t1_0.truck_type from trucks t1_0 where t1_0.fleet_company_id=?
Hibernate: select t1_0.id,t1_0.driver_id,t1_0.end_time,t1_0.shipment_id,t1_0.start_time,t1_0.status,t1_0.truck_id from trips t1_0 where t1_0.truck_id in (?) order by t1_0.start_time desc
Hibernate: select fc1_0.id,fc1_0.address,fc1_0.company_name,fc1_0.contact_phone,fc1_0.created_at,fc1_0.registration_no,fc1_0.user_id from fleet_companies fc1_0 where fc1_0.user_id=?
Hibernate: select fc1_0.id,fc1_0.address,fc1_0.company_name,fc1_0.contact_phone,fc1_0.created_at,fc1_0.registration_no,fc1_0.user_id from fleet_companies fc1_0 where fc1_0.user_id=?
Hibernate: select t1_0.id,t1_0.capacity_ton,t1_0.fleet_company_id,t1_0.status,t1_0.truck_no,t1_0.truck_type from trucks t1_0 where t1_0.fleet_company_id=?
Hibernate: select d1_0.id,d1_0.fleet_company_id,d1_0.full_name,d1_0.license_no,d1_0.phone,d1_0.status,d1_0.user_id from drivers d1_0 where d1_0.fleet_company_id=? and d1_0.status=?
Hibernate: select t1_0.id,t1_0.driver_id,t1_0.end_time,t1_0.shipment_id,t1_0.start_time,t1_0.status,t1_0.truck_id from trips t1_0 where t1_0.truck_id in (?) order by t1_0.start_time desc
Hibernate: select fc1_0.id,fc1_0.address,fc1_0.company_name,fc1_0.contact_phone,fc1_0.created_at,fc1_0.registration_no,fc1_0.user_id from fleet_companies fc1_0 where fc1_0.user_id=?
Hibernate: select t1_0.id,t1_0.capacity_ton,t1_0.fleet_company_id,t1_0.status,t1_0.truck_no,t1_0.truck_type from trucks t1_0 where t1_0.fleet_company_id=?
Hibernate: select d1_0.id,d1_0.fleet_company_id,d1_0.full_name,d1_0.license_no,d1_0.phone,d1_0.status,d1_0.user_id from drivers d1_0 where d1_0.fleet_company_id=? and d1_0.status=?
Hibernate: select t1_0.id,t1_0.driver_id,t1_0.end_time,t1_0.shipment_id,t1_0.start_time,t1_0.status,t1_0.truck_id from trips t1_0 where t1_0.truck_id in (?) order by t1_0.start_time desc
Hibernate: select fc1_0.id,fc1_0.address,fc1_0.company_name,fc1_0.contact_phone,fc1_0.created_at,fc1_0.registration_no,fc1_0.user_id from fleet_companies fc1_0 where fc1_0.user_id=?
Hibernate: select t1_0.id,t1_0.capacity_ton,t1_0.fleet_company_id,t1_0.status,t1_0.truck_no,t1_0.truck_type from trucks t1_0 where t1_0.fleet_company_id=?
Hibernate: select d1_0.id,d1_0.fleet_company_id,d1_0.full_name,d1_0.license_no,d1_0.phone,d1_0.status,d1_0.user_id from drivers d1_0 where d1_0.fleet_company_id=? and d1_0.status=?
Hibernate: select t1_0.id,t1_0.driver_id,t1_0.end_time,t1_0.shipment_id,t1_0.start_time,t1_0.status,t1_0.truck_id from trips t1_0 where t1_0.truck_id in (?) order by t1_0.start_time desc
Hibernate: select d1_0.id,d1_0.fleet_company_id,d1_0.full_name,d1_0.license_no,d1_0.phone,d1_0.status,d1_0.user_id from drivers d1_0 where d1_0.user_id=?
Hibernate: select t1_0.id,t1_0.driver_id,t1_0.end_time,t1_0.shipment_id,t1_0.start_time,t1_0.status,t1_0.truck_id from trips t1_0 where t1_0.driver_id=? order by t1_0.start_time desc
Hibernate: select fc1_0.id,fc1_0.address,fc1_0.company_name,fc1_0.contact_phone,fc1_0.created_at,fc1_0.registration_no,fc1_0.user_id from fleet_companies fc1_0 where fc1_0.user_id=?
Hibernate: select t1_0.id,t1_0.capacity_ton,t1_0.fleet_company_id,t1_0.status,t1_0.truck_no,t1_0.truck_type from trucks t1_0 where t1_0.fleet_company_id=?
Hibernate: select d1_0.id,d1_0.fleet_company_id,d1_0.full_name,d1_0.license_no,d1_0.phone,d1_0.status,d1_0.user_id from drivers d1_0 where d1_0.fleet_company_id=? and d1_0.status=?
Hibernate: select t1_0.id,t1_0.driver_id,t1_0.end_time,t1_0.shipment_id,t1_0.start_time,t1_0.status,t1_0.truck_id from trips t1_0 where t1_0.truck_id in (?) order by t1_0.start_time desc
Hibernate: select fc1_0.id,fc1_0.address,fc1_0.company_name,fc1_0.contact_phone,fc1_0.created_at,fc1_0.registration_no,fc1_0.user_id from fleet_companies fc1_0 where fc1_0.user_id=?
Hibernate: select t1_0.id,t1_0.capacity_ton,t1_0.fleet_company_id,t1_0.status,t1_0.truck_no,t1_0.truck_type from trucks t1_0 where t1_0.fleet_company_id=?
Hibernate: select d1_0.id,d1_0.fleet_company_id,d1_0.full_name,d1_0.license_no,d1_0.phone,d1_0.status,d1_0.user_id from drivers d1_0 where d1_0.fleet_company_id=? and d1_0.status=?
Hibernate: select t1_0.id,t1_0.driver_id,t1_0.end_time,t1_0.shipment_id,t1_0.start_time,t1_0.status,t1_0.truck_id from trips t1_0 where t1_0.truck_id in (?) order by t1_0.start_time desc
Hibernate: select fc1_0.id,fc1_0.address,fc1_0.company_name,fc1_0.contact_phone,fc1_0.created_at,fc1_0.registration_no,fc1_0.user_id from fleet_companies fc1_0 where fc1_0.user_id=?
Hibernate: select t1_0.id,t1_0.capacity_ton,t1_0.fleet_company_id,t1_0.status,t1_0.truck_no,t1_0.truck_type from trucks t1_0 where t1_0.fleet_company_id=?
Hibernate: select ta1_0.id,ta1_0.available_capacity_ton,ta1_0.available_from,ta1_0.route_from,ta1_0.route_to,ta1_0.status,ta1_0.trip_type,ta1_0.truck_id from truck_availability ta1_0 where ta1_0.truck_id in (?) order by ta1_0.available_from desc
Hibernate: select fc1_0.id,fc1_0.address,fc1_0.company_name,fc1_0.contact_phone,fc1_0.created_at,fc1_0.registration_no,fc1_0.user_id from fleet_companies fc1_0 where fc1_0.user_id=?
Hibernate: select t1_0.id,t1_0.capacity_ton,t1_0.fleet_company_id,t1_0.status,t1_0.truck_no,t1_0.truck_type from trucks t1_0 where t1_0.fleet_company_id=?
Hibernate: select ta1_0.id,ta1_0.available_capacity_ton,ta1_0.available_from,ta1_0.route_from,ta1_0.route_to,ta1_0.status,ta1_0.trip_type,ta1_0.truck_id from truck_availability ta1_0 where ta1_0.truck_id in (?) order by ta1_0.available_from desc
Hibernate: select fc1_0.id,fc1_0.address,fc1_0.company_name,fc1_0.contact_phone,fc1_0.created_at,fc1_0.registration_no,fc1_0.user_id from fleet_companies fc1_0 where fc1_0.user_id=?
Hibernate: select fc1_0.id,fc1_0.address,fc1_0.company_name,fc1_0.contact_phone,fc1_0.created_at,fc1_0.registration_no,fc1_0.user_id from fleet_companies fc1_0 where fc1_0.user_id=?
Hibernate: select t1_0.id,t1_0.capacity_ton,t1_0.fleet_company_id,t1_0.status,t1_0.truck_no,t1_0.truck_type from trucks t1_0 where t1_0.fleet_company_id=?
Hibernate: select d1_0.id,d1_0.fleet_company_id,d1_0.full_name,d1_0.license_no,d1_0.phone,d1_0.status,d1_0.user_id from drivers d1_0 where d1_0.fleet_company_id=? and d1_0.status=?
Hibernate: select t1_0.id,t1_0.driver_id,t1_0.end_time,t1_0.shipment_id,t1_0.start_time,t1_0.status,t1_0.truck_id from trips t1_0 where t1_0.truck_id in (?) order by t1_0.start_time desc
Hibernate: select fc1_0.id,fc1_0.address,fc1_0.company_name,fc1_0.contact_phone,fc1_0.created_at,fc1_0.registration_no,fc1_0.user_id from fleet_companies fc1_0 where fc1_0.user_id=?
Hibernate: select fc1_0.id,fc1_0.address,fc1_0.company_name,fc1_0.contact_phone,fc1_0.created_at,fc1_0.registration_no,fc1_0.user_id from fleet_companies fc1_0 where fc1_0.user_id=?
Hibernate: select t1_0.id,t1_0.capacity_ton,t1_0.fleet_company_id,t1_0.status,t1_0.truck_no,t1_0.truck_type from trucks t1_0 where t1_0.fleet_company_id=?
Hibernate: select d1_0.id,d1_0.fleet_company_id,d1_0.full_name,d1_0.license_no,d1_0.phone,d1_0.status,d1_0.user_id from drivers d1_0 where d1_0.fleet_company_id=? and d1_0.status=?
Hibernate: select t1_0.id,t1_0.driver_id,t1_0.end_time,t1_0.shipment_id,t1_0.start_time,t1_0.status,t1_0.truck_id from trips t1_0 where t1_0.truck_id in (?) order by t1_0.start_time desc
Hibernate: select d1_0.id,d1_0.fleet_company_id,d1_0.full_name,d1_0.license_no,d1_0.phone,d1_0.status,d1_0.user_id from drivers d1_0 where d1_0.user_id=?
Hibernate: select t1_0.id,t1_0.driver_id,t1_0.end_time,t1_0.shipment_id,t1_0.start_time,t1_0.status,t1_0.truck_id from trips t1_0 where t1_0.driver_id=? order by t1_0.start_time desc
Hibernate: select d1_0.id,d1_0.fleet_company_id,d1_0.full_name,d1_0.license_no,d1_0.phone,d1_0.status,d1_0.user_id from drivers d1_0 where d1_0.user_id=?
Hibernate: select t1_0.id,t1_0.driver_id,t1_0.end_time,t1_0.shipment_id,t1_0.start_time,t1_0.status,t1_0.truck_id from trips t1_0 where t1_0.driver_id=? order by t1_0.start_time desc
Hibernate: select d1_0.id,d1_0.fleet_company_id,d1_0.full_name,d1_0.license_no,d1_0.phone,d1_0.status,d1_0.user_id from drivers d1_0 where d1_0.user_id=?
Hibernate: select t1_0.id,t1_0.driver_id,t1_0.end_time,t1_0.shipment_id,t1_0.start_time,t1_0.status,t1_0.truck_id from trips t1_0 where t1_0.driver_id=? order by t1_0.start_time desc
2026-08-01T06:31:06.565+05:30  INFO 38740 --- [FLEET-SERVICE] [rap-executor-%d] c.n.d.s.r.aws.ConfigClusterResolver      : Resolving eureka endpoints via configuration
Hibernate: select fc1_0.id,fc1_0.address,fc1_0.company_name,fc1_0.contact_phone,fc1_0.created_at,fc1_0.registration_no,fc1_0.user_id from fleet_companies fc1_0 where fc1_0.user_id=?
Hibernate: select t1_0.id,t1_0.capacity_ton,t1_0.fleet_company_id,t1_0.status,t1_0.truck_no,t1_0.truck_type from trucks t1_0 where t1_0.fleet_company_id=?
Hibernate: select ta1_0.id,ta1_0.available_capacity_ton,ta1_0.available_from,ta1_0.route_from,ta1_0.route_to,ta1_0.status,ta1_0.trip_type,ta1_0.truck_id from truck_availability ta1_0 where ta1_0.truck_id in (?) order by ta1_0.available_from desc
Hibernate: select fc1_0.id,fc1_0.address,fc1_0.company_name,fc1_0.contact_phone,fc1_0.created_at,fc1_0.registration_no,fc1_0.user_id from fleet_companies fc1_0 where fc1_0.user_id=?
Hibernate: select t1_0.id,t1_0.capacity_ton,t1_0.fleet_company_id,t1_0.status,t1_0.truck_no,t1_0.truck_type from trucks t1_0 where t1_0.fleet_company_id=?
Hibernate: select ta1_0.id,ta1_0.available_capacity_ton,ta1_0.available_from,ta1_0.route_from,ta1_0.route_to,ta1_0.status,ta1_0.trip_type,ta1_0.truck_id from truck_availability ta1_0 where ta1_0.truck_id in (?) order by ta1_0.available_from desc
Hibernate: select fc1_0.id,fc1_0.address,fc1_0.company_name,fc1_0.contact_phone,fc1_0.created_at,fc1_0.registration_no,fc1_0.user_id from fleet_companies fc1_0 where fc1_0.user_id=?
Hibernate: select fc1_0.id,fc1_0.address,fc1_0.company_name,fc1_0.contact_phone,fc1_0.created_at,fc1_0.registration_no,fc1_0.user_id from fleet_companies fc1_0 where fc1_0.user_id=?
Hibernate: select fc1_0.id,fc1_0.address,fc1_0.company_name,fc1_0.contact_phone,fc1_0.created_at,fc1_0.registration_no,fc1_0.user_id from fleet_companies fc1_0 where fc1_0.user_id=?
Hibernate: select fc1_0.id,fc1_0.address,fc1_0.company_name,fc1_0.contact_phone,fc1_0.created_at,fc1_0.registration_no,fc1_0.user_id from fleet_companies fc1_0 where fc1_0.user_id=?
Hibernate: select t1_0.id,t1_0.capacity_ton,t1_0.fleet_company_id,t1_0.status,t1_0.truck_no,t1_0.truck_type from trucks t1_0 where t1_0.fleet_company_id=?
Hibernate: select d1_0.id,d1_0.fleet_company_id,d1_0.full_name,d1_0.license_no,d1_0.phone,d1_0.status,d1_0.user_id from drivers d1_0 where d1_0.fleet_company_id=? and d1_0.status=?
Hibernate: select t1_0.id,t1_0.driver_id,t1_0.end_time,t1_0.shipment_id,t1_0.start_time,t1_0.status,t1_0.truck_id from trips t1_0 where t1_0.truck_id in (?) order by t1_0.start_time desc
Hibernate: select fc1_0.id,fc1_0.address,fc1_0.company_name,fc1_0.contact_phone,fc1_0.created_at,fc1_0.registration_no,fc1_0.user_id from fleet_companies fc1_0 where fc1_0.user_id=?
Hibernate: select fc1_0.id,fc1_0.address,fc1_0.company_name,fc1_0.contact_phone,fc1_0.created_at,fc1_0.registration_no,fc1_0.user_id from fleet_companies fc1_0 where fc1_0.user_id=?
Hibernate: select d1_0.id,d1_0.fleet_company_id,d1_0.full_name,d1_0.license_no,d1_0.phone,d1_0.status,d1_0.user_id from drivers d1_0 where d1_0.fleet_company_id=? and d1_0.status=?
Hibernate: select t1_0.id,t1_0.capacity_ton,t1_0.fleet_company_id,t1_0.status,t1_0.truck_no,t1_0.truck_type from trucks t1_0 where t1_0.fleet_company_id=?
Hibernate: select t1_0.id,t1_0.driver_id,t1_0.end_time,t1_0.shipment_id,t1_0.start_time,t1_0.status,t1_0.truck_id from trips t1_0 where t1_0.truck_id in (?) order by t1_0.start_time desc
Hibernate: select fc1_0.id,fc1_0.address,fc1_0.company_name,fc1_0.contact_phone,fc1_0.created_at,fc1_0.registration_no,fc1_0.user_id from fleet_companies fc1_0 where fc1_0.user_id=?
Hibernate: select fc1_0.id,fc1_0.address,fc1_0.company_name,fc1_0.contact_phone,fc1_0.created_at,fc1_0.registration_no,fc1_0.user_id from fleet_companies fc1_0 where fc1_0.user_id=?
Hibernate: select d1_0.id,d1_0.fleet_company_id,d1_0.full_name,d1_0.license_no,d1_0.phone,d1_0.status,d1_0.user_id from drivers d1_0 where d1_0.fleet_company_id=? and d1_0.status=?
Hibernate: select t1_0.id,t1_0.capacity_ton,t1_0.fleet_company_id,t1_0.status,t1_0.truck_no,t1_0.truck_type from trucks t1_0 where t1_0.fleet_company_id=?
Hibernate: select fc1_0.id,fc1_0.address,fc1_0.company_name,fc1_0.contact_phone,fc1_0.created_at,fc1_0.registration_no,fc1_0.user_id from fleet_companies fc1_0 where fc1_0.user_id=?
Hibernate: select fc1_0.id,fc1_0.address,fc1_0.company_name,fc1_0.contact_phone,fc1_0.created_at,fc1_0.registration_no,fc1_0.user_id from fleet_companies fc1_0 where fc1_0.user_id=?
Hibernate: select d1_0.id,d1_0.fleet_company_id,d1_0.full_name,d1_0.license_no,d1_0.phone,d1_0.status,d1_0.user_id from drivers d1_0 where d1_0.fleet_company_id=? and d1_0.status=?
Hibernate: select t1_0.id,t1_0.capacity_ton,t1_0.fleet_company_id,t1_0.status,t1_0.truck_no,t1_0.truck_type from trucks t1_0 where t1_0.fleet_company_id=?
Hibernate: select d1_0.id,d1_0.fleet_company_id,d1_0.full_name,d1_0.license_no,d1_0.phone,d1_0.status,d1_0.user_id from drivers d1_0 where d1_0.user_id=?
Hibernate: select t1_0.id,t1_0.driver_id,t1_0.end_time,t1_0.shipment_id,t1_0.start_time,t1_0.status,t1_0.truck_id from trips t1_0 where t1_0.driver_id=? order by t1_0.start_time desc
Hibernate: select fc1_0.id,fc1_0.address,fc1_0.company_name,fc1_0.contact_phone,fc1_0.created_at,fc1_0.registration_no,fc1_0.user_id from fleet_companies fc1_0 where fc1_0.user_id=?
Hibernate: select t1_0.id,t1_0.capacity_ton,t1_0.fleet_company_id,t1_0.status,t1_0.truck_no,t1_0.truck_type from trucks t1_0 where t1_0.fleet_company_id=?
Hibernate: select ta1_0.id,ta1_0.available_capacity_ton,ta1_0.available_from,ta1_0.route_from,ta1_0.route_to,ta1_0.status,ta1_0.trip_type,ta1_0.truck_id from truck_availability ta1_0 where ta1_0.truck_id in (?) order by ta1_0.available_from desc
Hibernate: select fc1_0.id,fc1_0.address,fc1_0.company_name,fc1_0.contact_phone,fc1_0.created_at,fc1_0.registration_no,fc1_0.user_id from fleet_companies fc1_0 where fc1_0.user_id=?
Hibernate: select t1_0.id,t1_0.capacity_ton,t1_0.fleet_company_id,t1_0.status,t1_0.truck_no,t1_0.truck_type from trucks t1_0 where t1_0.fleet_company_id=?
Hibernate: select ta1_0.id,ta1_0.available_capacity_ton,ta1_0.available_from,ta1_0.route_from,ta1_0.route_to,ta1_0.status,ta1_0.trip_type,ta1_0.truck_id from truck_availability ta1_0 where ta1_0.truck_id in (?) order by ta1_0.available_from desc
Hibernate: select fc1_0.id,fc1_0.address,fc1_0.company_name,fc1_0.contact_phone,fc1_0.created_at,fc1_0.registration_no,fc1_0.user_id from fleet_companies fc1_0 where fc1_0.user_id=?
Hibernate: select d1_0.id,d1_0.fleet_company_id,d1_0.full_name,d1_0.license_no,d1_0.phone,d1_0.status,d1_0.user_id from drivers d1_0 where d1_0.fleet_company_id=?
Hibernate: select fc1_0.id,fc1_0.address,fc1_0.company_name,fc1_0.contact_phone,fc1_0.created_at,fc1_0.registration_no,fc1_0.user_id from fleet_companies fc1_0 where fc1_0.user_id=?
Hibernate: select d1_0.id,d1_0.fleet_company_id,d1_0.full_name,d1_0.license_no,d1_0.phone,d1_0.status,d1_0.user_id from drivers d1_0 where d1_0.fleet_company_id=?
Hibernate: select fc1_0.id,fc1_0.address,fc1_0.company_name,fc1_0.contact_phone,fc1_0.created_at,fc1_0.registration_no,fc1_0.user_id from fleet_companies fc1_0 where fc1_0.user_id=?
Hibernate: select t1_0.id,t1_0.capacity_ton,t1_0.fleet_company_id,t1_0.status,t1_0.truck_no,t1_0.truck_type from trucks t1_0 where t1_0.fleet_company_id=?
Hibernate: select fc1_0.id,fc1_0.address,fc1_0.company_name,fc1_0.contact_phone,fc1_0.created_at,fc1_0.registration_no,fc1_0.user_id from fleet_companies fc1_0 where fc1_0.user_id=?
Hibernate: select t1_0.id,t1_0.capacity_ton,t1_0.fleet_company_id,t1_0.status,t1_0.truck_no,t1_0.truck_type from trucks t1_0 where t1_0.fleet_company_id=?
Hibernate: select fc1_0.id,fc1_0.address,fc1_0.company_name,fc1_0.contact_phone,fc1_0.created_at,fc1_0.registration_no,fc1_0.user_id from fleet_companies fc1_0 where fc1_0.user_id=?
Hibernate: select t1_0.id,t1_0.capacity_ton,t1_0.fleet_company_id,t1_0.status,t1_0.truck_no,t1_0.truck_type from trucks t1_0 where t1_0.fleet_company_id=?
Hibernate: select d1_0.id,d1_0.fleet_company_id,d1_0.full_name,d1_0.license_no,d1_0.phone,d1_0.status,d1_0.user_id from drivers d1_0 where d1_0.fleet_company_id=? and d1_0.status=?
Hibernate: select t1_0.id,t1_0.driver_id,t1_0.end_time,t1_0.shipment_id,t1_0.start_time,t1_0.status,t1_0.truck_id from trips t1_0 where t1_0.truck_id in (?) order by t1_0.start_time desc
Hibernate: select fc1_0.id,fc1_0.address,fc1_0.company_name,fc1_0.contact_phone,fc1_0.created_at,fc1_0.registration_no,fc1_0.user_id from fleet_companies fc1_0 where fc1_0.user_id=?
Hibernate: select t1_0.id,t1_0.capacity_ton,t1_0.fleet_company_id,t1_0.status,t1_0.truck_no,t1_0.truck_type from trucks t1_0 where t1_0.fleet_company_id=?
Hibernate: select d1_0.id,d1_0.fleet_company_id,d1_0.full_name,d1_0.license_no,d1_0.phone,d1_0.status,d1_0.user_id from drivers d1_0 where d1_0.fleet_company_id=? and d1_0.status=?
Hibernate: select t1_0.id,t1_0.driver_id,t1_0.end_time,t1_0.shipment_id,t1_0.start_time,t1_0.status,t1_0.truck_id from trips t1_0 where t1_0.truck_id in (?) order by t1_0.start_time desc
Hibernate: select fc1_0.id,fc1_0.address,fc1_0.company_name,fc1_0.contact_phone,fc1_0.created_at,fc1_0.registration_no,fc1_0.user_id from fleet_companies fc1_0 where fc1_0.user_id=?
Hibernate: select t1_0.id,t1_0.capacity_ton,t1_0.fleet_company_id,t1_0.status,t1_0.truck_no,t1_0.truck_type from trucks t1_0 where t1_0.fleet_company_id=?
Hibernate: select fc1_0.id,fc1_0.address,fc1_0.company_name,fc1_0.contact_phone,fc1_0.created_at,fc1_0.registration_no,fc1_0.user_id from fleet_companies fc1_0 where fc1_0.user_id=?
Hibernate: select t1_0.id,t1_0.capacity_ton,t1_0.fleet_company_id,t1_0.status,t1_0.truck_no,t1_0.truck_type from trucks t1_0 where t1_0.fleet_company_id=?
Hibernate: select fc1_0.id,fc1_0.address,fc1_0.company_name,fc1_0.contact_phone,fc1_0.created_at,fc1_0.registration_no,fc1_0.user_id from fleet_companies fc1_0 where fc1_0.user_id=?
Hibernate: select t1_0.id,t1_0.capacity_ton,t1_0.fleet_company_id,t1_0.status,t1_0.truck_no,t1_0.truck_type from trucks t1_0 where t1_0.fleet_company_id=?
Hibernate: select fc1_0.id,fc1_0.address,fc1_0.company_name,fc1_0.contact_phone,fc1_0.created_at,fc1_0.registration_no,fc1_0.user_id from fleet_companies fc1_0 where fc1_0.user_id=?
Hibernate: select t1_0.id,t1_0.capacity_ton,t1_0.fleet_company_id,t1_0.status,t1_0.truck_no,t1_0.truck_type from trucks t1_0 where t1_0.fleet_company_id=?
Hibernate: select fc1_0.id,fc1_0.address,fc1_0.company_name,fc1_0.contact_phone,fc1_0.created_at,fc1_0.registration_no,fc1_0.user_id from fleet_companies fc1_0 where fc1_0.user_id=?
Hibernate: select t1_0.id,t1_0.capacity_ton,t1_0.fleet_company_id,t1_0.status,t1_0.truck_no,t1_0.truck_type from trucks t1_0 where t1_0.fleet_company_id=?
Hibernate: select fc1_0.id,fc1_0.address,fc1_0.company_name,fc1_0.contact_phone,fc1_0.created_at,fc1_0.registration_no,fc1_0.user_id from fleet_companies fc1_0 where fc1_0.user_id=?
Hibernate: select t1_0.id,t1_0.capacity_ton,t1_0.fleet_company_id,t1_0.status,t1_0.truck_no,t1_0.truck_type from trucks t1_0 where t1_0.fleet_company_id=?
Hibernate: select fc1_0.id,fc1_0.address,fc1_0.company_name,fc1_0.contact_phone,fc1_0.created_at,fc1_0.registration_no,fc1_0.user_id from fleet_companies fc1_0 where fc1_0.user_id=?
Hibernate: select t1_0.id,t1_0.capacity_ton,t1_0.fleet_company_id,t1_0.status,t1_0.truck_no,t1_0.truck_type from trucks t1_0 where t1_0.fleet_company_id=?
Hibernate: select d1_0.id,d1_0.fleet_company_id,d1_0.full_name,d1_0.license_no,d1_0.phone,d1_0.status,d1_0.user_id from drivers d1_0 where d1_0.fleet_company_id=? and d1_0.status=?
Hibernate: select t1_0.id,t1_0.driver_id,t1_0.end_time,t1_0.shipment_id,t1_0.start_time,t1_0.status,t1_0.truck_id from trips t1_0 where t1_0.truck_id in (?) order by t1_0.start_time desc
Hibernate: select fc1_0.id,fc1_0.address,fc1_0.company_name,fc1_0.contact_phone,fc1_0.created_at,fc1_0.registration_no,fc1_0.user_id from fleet_companies fc1_0 where fc1_0.user_id=?
Hibernate: select t1_0.id,t1_0.capacity_ton,t1_0.fleet_company_id,t1_0.status,t1_0.truck_no,t1_0.truck_type from trucks t1_0 where t1_0.fleet_company_id=?
Hibernate: select d1_0.id,d1_0.fleet_company_id,d1_0.full_name,d1_0.license_no,d1_0.phone,d1_0.status,d1_0.user_id from drivers d1_0 where d1_0.fleet_company_id=? and d1_0.status=?
Hibernate: select t1_0.id,t1_0.driver_id,t1_0.end_time,t1_0.shipment_id,t1_0.start_time,t1_0.status,t1_0.truck_id from trips t1_0 where t1_0.truck_id in (?) order by t1_0.start_time desc
Hibernate: select fc1_0.id,fc1_0.address,fc1_0.company_name,fc1_0.contact_phone,fc1_0.created_at,fc1_0.registration_no,fc1_0.user_id from fleet_companies fc1_0 where fc1_0.user_id=?
Hibernate: select t1_0.id,t1_0.capacity_ton,t1_0.fleet_company_id,t1_0.status,t1_0.truck_no,t1_0.truck_type from trucks t1_0 where t1_0.fleet_company_id=?
Hibernate: select fc1_0.id,fc1_0.address,fc1_0.company_name,fc1_0.contact_phone,fc1_0.created_at,fc1_0.registration_no,fc1_0.user_id from fleet_companies fc1_0 where fc1_0.user_id=?
Hibernate: select t1_0.id,t1_0.capacity_ton,t1_0.fleet_company_id,t1_0.status,t1_0.truck_no,t1_0.truck_type from trucks t1_0 where t1_0.fleet_company_id=?
Hibernate: select fc1_0.id,fc1_0.address,fc1_0.company_name,fc1_0.contact_phone,fc1_0.created_at,fc1_0.registration_no,fc1_0.user_id from fleet_companies fc1_0 where fc1_0.user_id=?
Hibernate: select d1_0.id,d1_0.fleet_company_id,d1_0.full_name,d1_0.license_no,d1_0.phone,d1_0.status,d1_0.user_id from drivers d1_0 where d1_0.fleet_company_id=?
Hibernate: select fc1_0.id,fc1_0.address,fc1_0.company_name,fc1_0.contact_phone,fc1_0.created_at,fc1_0.registration_no,fc1_0.user_id from fleet_companies fc1_0 where fc1_0.user_id=?
Hibernate: select d1_0.id,d1_0.fleet_company_id,d1_0.full_name,d1_0.license_no,d1_0.phone,d1_0.status,d1_0.user_id from drivers d1_0 where d1_0.fleet_company_id=?
Hibernate: select fc1_0.id,fc1_0.address,fc1_0.company_name,fc1_0.contact_phone,fc1_0.created_at,fc1_0.registration_no,fc1_0.user_id from fleet_companies fc1_0 where fc1_0.user_id=?
Hibernate: select fc1_0.id,fc1_0.address,fc1_0.company_name,fc1_0.contact_phone,fc1_0.created_at,fc1_0.registration_no,fc1_0.user_id from fleet_companies fc1_0 where fc1_0.user_id=?
Hibernate: select d1_0.id,d1_0.fleet_company_id,d1_0.full_name,d1_0.license_no,d1_0.phone,d1_0.status,d1_0.user_id from drivers d1_0 where d1_0.fleet_company_id=? and d1_0.status=?
Hibernate: select t1_0.id,t1_0.capacity_ton,t1_0.fleet_company_id,t1_0.status,t1_0.truck_no,t1_0.truck_type from trucks t1_0 where t1_0.fleet_company_id=?
Hibernate: select t1_0.id,t1_0.driver_id,t1_0.end_time,t1_0.shipment_id,t1_0.start_time,t1_0.status,t1_0.truck_id from trips t1_0 where t1_0.truck_id in (?) order by t1_0.start_time desc
Hibernate: select fc1_0.id,fc1_0.address,fc1_0.company_name,fc1_0.contact_phone,fc1_0.created_at,fc1_0.registration_no,fc1_0.user_id from fleet_companies fc1_0 where fc1_0.user_id=?
Hibernate: select fc1_0.id,fc1_0.address,fc1_0.company_name,fc1_0.contact_phone,fc1_0.created_at,fc1_0.registration_no,fc1_0.user_id from fleet_companies fc1_0 where fc1_0.user_id=?
Hibernate: select t1_0.id,t1_0.capacity_ton,t1_0.fleet_company_id,t1_0.status,t1_0.truck_no,t1_0.truck_type from trucks t1_0 where t1_0.fleet_company_id=?
Hibernate: select d1_0.id,d1_0.fleet_company_id,d1_0.full_name,d1_0.license_no,d1_0.phone,d1_0.status,d1_0.user_id from drivers d1_0 where d1_0.fleet_company_id=? and d1_0.status=?
Hibernate: select t1_0.id,t1_0.driver_id,t1_0.end_time,t1_0.shipment_id,t1_0.start_time,t1_0.status,t1_0.truck_id from trips t1_0 where t1_0.truck_id in (?) order by t1_0.start_time desc
Hibernate: select fc1_0.id,fc1_0.address,fc1_0.company_name,fc1_0.contact_phone,fc1_0.created_at,fc1_0.registration_no,fc1_0.user_id from fleet_companies fc1_0 where fc1_0.user_id=?
Hibernate: select t1_0.id,t1_0.capacity_ton,t1_0.fleet_company_id,t1_0.status,t1_0.truck_no,t1_0.truck_type from trucks t1_0 where t1_0.fleet_company_id=?
Hibernate: select ta1_0.id,ta1_0.available_capacity_ton,ta1_0.available_from,ta1_0.route_from,ta1_0.route_to,ta1_0.status,ta1_0.trip_type,ta1_0.truck_id from truck_availability ta1_0 where ta1_0.truck_id in (?) order by ta1_0.available_from desc
Hibernate: select fc1_0.id,fc1_0.address,fc1_0.company_name,fc1_0.contact_phone,fc1_0.created_at,fc1_0.registration_no,fc1_0.user_id from fleet_companies fc1_0 where fc1_0.user_id=?
Hibernate: select t1_0.id,t1_0.capacity_ton,t1_0.fleet_company_id,t1_0.status,t1_0.truck_no,t1_0.truck_type from trucks t1_0 where t1_0.fleet_company_id=?
Hibernate: select ta1_0.id,ta1_0.available_capacity_ton,ta1_0.available_from,ta1_0.route_from,ta1_0.route_to,ta1_0.status,ta1_0.trip_type,ta1_0.truck_id from truck_availability ta1_0 where ta1_0.truck_id in (?) order by ta1_0.available_from desc
Hibernate: select fc1_0.id,fc1_0.address,fc1_0.company_name,fc1_0.contact_phone,fc1_0.created_at,fc1_0.registration_no,fc1_0.user_id from fleet_companies fc1_0 where fc1_0.user_id=?
Hibernate: select fc1_0.id,fc1_0.address,fc1_0.company_name,fc1_0.contact_phone,fc1_0.created_at,fc1_0.registration_no,fc1_0.user_id from fleet_companies fc1_0 where fc1_0.user_id=?
Hibernate: select fc1_0.id,fc1_0.address,fc1_0.company_name,fc1_0.contact_phone,fc1_0.created_at,fc1_0.registration_no,fc1_0.user_id from fleet_companies fc1_0 where fc1_0.user_id=?
Hibernate: select fc1_0.id,fc1_0.address,fc1_0.company_name,fc1_0.contact_phone,fc1_0.created_at,fc1_0.registration_no,fc1_0.user_id from fleet_companies fc1_0 where fc1_0.user_id=?
Hibernate: select fc1_0.id,fc1_0.address,fc1_0.company_name,fc1_0.contact_phone,fc1_0.created_at,fc1_0.registration_no,fc1_0.user_id from fleet_companies fc1_0 where fc1_0.user_id=?
Hibernate: select t1_0.id,t1_0.capacity_ton,t1_0.fleet_company_id,t1_0.status,t1_0.truck_no,t1_0.truck_type from trucks t1_0 where t1_0.fleet_company_id=?
Hibernate: select count(t1_0.id) from trips t1_0 where t1_0.truck_id in (?)
Hibernate: select fc1_0.id,fc1_0.address,fc1_0.company_name,fc1_0.contact_phone,fc1_0.created_at,fc1_0.registration_no,fc1_0.user_id from fleet_companies fc1_0 where fc1_0.user_id=?
Hibernate: select sum(ta1_0.available_capacity_ton) from truck_availability ta1_0 where ta1_0.truck_id in (?) and ta1_0.status=?
Hibernate: select fc1_0.id,fc1_0.address,fc1_0.company_name,fc1_0.contact_phone,fc1_0.created_at,fc1_0.registration_no,fc1_0.user_id from fleet_companies fc1_0 where fc1_0.user_id=?
Hibernate: select t1_0.id,t1_0.capacity_ton,t1_0.fleet_company_id,t1_0.status,t1_0.truck_no,t1_0.truck_type from trucks t1_0 where t1_0.fleet_company_id=?
Hibernate: select count(t1_0.id) from trips t1_0 where t1_0.truck_id in (?)
Hibernate: select sum(ta1_0.available_capacity_ton) from truck_availability ta1_0 where ta1_0.truck_id in (?) and ta1_0.status=?
Hibernate: select fc1_0.id,fc1_0.address,fc1_0.company_name,fc1_0.contact_phone,fc1_0.created_at,fc1_0.registration_no,fc1_0.user_id from fleet_companies fc1_0 where fc1_0.user_id=?
Hibernate: select d1_0.id,d1_0.fleet_company_id,d1_0.full_name,d1_0.license_no,d1_0.phone,d1_0.status,d1_0.user_id from drivers d1_0 where d1_0.user_id=?
Hibernate: select t1_0.id,t1_0.driver_id,t1_0.end_time,t1_0.shipment_id,t1_0.start_time,t1_0.status,t1_0.truck_id from trips t1_0 where t1_0.driver_id=? order by t1_0.start_time desc
Hibernate: select fc1_0.id,fc1_0.address,fc1_0.company_name,fc1_0.contact_phone,fc1_0.created_at,fc1_0.registration_no,fc1_0.user_id from fleet_companies fc1_0 where fc1_0.user_id=?
Hibernate: select t1_0.id,t1_0.capacity_ton,t1_0.fleet_company_id,t1_0.status,t1_0.truck_no,t1_0.truck_type from trucks t1_0 where t1_0.fleet_company_id=?
Hibernate: select fc1_0.id,fc1_0.address,fc1_0.company_name,fc1_0.contact_phone,fc1_0.created_at,fc1_0.registration_no,fc1_0.user_id from fleet_companies fc1_0 where fc1_0.user_id=?
Hibernate: select t1_0.id,t1_0.capacity_ton,t1_0.fleet_company_id,t1_0.status,t1_0.truck_no,t1_0.truck_type from trucks t1_0 where t1_0.fleet_company_id=?
Hibernate: select fc1_0.id,fc1_0.address,fc1_0.company_name,fc1_0.contact_phone,fc1_0.created_at,fc1_0.registration_no,fc1_0.user_id from fleet_companies fc1_0 where fc1_0.user_id=?
Hibernate: select d1_0.id,d1_0.fleet_company_id,d1_0.full_name,d1_0.license_no,d1_0.phone,d1_0.status,d1_0.user_id from drivers d1_0 where d1_0.fleet_company_id=?
Hibernate: select fc1_0.id,fc1_0.address,fc1_0.company_name,fc1_0.contact_phone,fc1_0.created_at,fc1_0.registration_no,fc1_0.user_id from fleet_companies fc1_0 where fc1_0.user_id=?
Hibernate: select d1_0.id,d1_0.fleet_company_id,d1_0.full_name,d1_0.license_no,d1_0.phone,d1_0.status,d1_0.user_id from drivers d1_0 where d1_0.fleet_company_id=?
Hibernate: select fc1_0.id,fc1_0.address,fc1_0.company_name,fc1_0.contact_phone,fc1_0.created_at,fc1_0.registration_no,fc1_0.user_id from fleet_companies fc1_0 where fc1_0.user_id=?
Hibernate: select t1_0.id,t1_0.capacity_ton,t1_0.fleet_company_id,t1_0.status,t1_0.truck_no,t1_0.truck_type from trucks t1_0 where t1_0.fleet_company_id=?
Hibernate: select ta1_0.id,ta1_0.available_capacity_ton,ta1_0.available_from,ta1_0.route_from,ta1_0.route_to,ta1_0.status,ta1_0.trip_type,ta1_0.truck_id from truck_availability ta1_0 where ta1_0.truck_id in (?) order by ta1_0.available_from desc
Hibernate: select fc1_0.id,fc1_0.address,fc1_0.company_name,fc1_0.contact_phone,fc1_0.created_at,fc1_0.registration_no,fc1_0.user_id from fleet_companies fc1_0 where fc1_0.user_id=?
Hibernate: select t1_0.id,t1_0.capacity_ton,t1_0.fleet_company_id,t1_0.status,t1_0.truck_no,t1_0.truck_type from trucks t1_0 where t1_0.fleet_company_id=?
Hibernate: select ta1_0.id,ta1_0.available_capacity_ton,ta1_0.available_from,ta1_0.route_from,ta1_0.route_to,ta1_0.status,ta1_0.trip_type,ta1_0.truck_id from truck_availability ta1_0 where ta1_0.truck_id in (?) order by ta1_0.available_from desc
Hibernate: select fc1_0.id,fc1_0.address,fc1_0.company_name,fc1_0.contact_phone,fc1_0.created_at,fc1_0.registration_no,fc1_0.user_id from fleet_companies fc1_0 where fc1_0.user_id=?
Hibernate: select fc1_0.id,fc1_0.address,fc1_0.company_name,fc1_0.contact_phone,fc1_0.created_at,fc1_0.registration_no,fc1_0.user_id from fleet_companies fc1_0 where fc1_0.user_id=?
Hibernate: select fc1_0.id,fc1_0.address,fc1_0.company_name,fc1_0.contact_phone,fc1_0.created_at,fc1_0.registration_no,fc1_0.user_id from fleet_companies fc1_0 where fc1_0.user_id=?
Hibernate: select fc1_0.id,fc1_0.address,fc1_0.company_name,fc1_0.contact_phone,fc1_0.created_at,fc1_0.registration_no,fc1_0.user_id from fleet_companies fc1_0 where fc1_0.user_id=?
Hibernate: select fc1_0.id,fc1_0.address,fc1_0.company_name,fc1_0.contact_phone,fc1_0.created_at,fc1_0.registration_no,fc1_0.user_id from fleet_companies fc1_0 where fc1_0.user_id=?
Hibernate: select fc1_0.id,fc1_0.address,fc1_0.company_name,fc1_0.contact_phone,fc1_0.created_at,fc1_0.registration_no,fc1_0.user_id from fleet_companies fc1_0 where fc1_0.user_id=?
Hibernate: select fc1_0.id,fc1_0.address,fc1_0.company_name,fc1_0.contact_phone,fc1_0.created_at,fc1_0.registration_no,fc1_0.user_id from fleet_companies fc1_0 where fc1_0.user_id=?
Hibernate: select fc1_0.id,fc1_0.address,fc1_0.company_name,fc1_0.contact_phone,fc1_0.created_at,fc1_0.registration_no,fc1_0.user_id from fleet_companies fc1_0 where fc1_0.user_id=?
Hibernate: select t1_0.id,t1_0.capacity_ton,t1_0.fleet_company_id,t1_0.status,t1_0.truck_no,t1_0.truck_type from trucks t1_0 where t1_0.fleet_company_id=?
Hibernate: select count(t1_0.id) from trips t1_0 where t1_0.truck_id in (?)
Hibernate: select sum(ta1_0.available_capacity_ton) from truck_availability ta1_0 where ta1_0.truck_id in (?) and ta1_0.status=?
Hibernate: select fc1_0.id,fc1_0.address,fc1_0.company_name,fc1_0.contact_phone,fc1_0.created_at,fc1_0.registration_no,fc1_0.user_id from fleet_companies fc1_0 where fc1_0.user_id=?
Hibernate: select t1_0.id,t1_0.capacity_ton,t1_0.fleet_company_id,t1_0.status,t1_0.truck_no,t1_0.truck_type from trucks t1_0 where t1_0.fleet_company_id=?
Hibernate: select count(t1_0.id) from trips t1_0 where t1_0.truck_id in (?)
Hibernate: select sum(ta1_0.available_capacity_ton) from truck_availability ta1_0 where ta1_0.truck_id in (?) and ta1_0.status=?
Hibernate: select fc1_0.id,fc1_0.address,fc1_0.company_name,fc1_0.contact_phone,fc1_0.created_at,fc1_0.registration_no,fc1_0.user_id from fleet_companies fc1_0 where fc1_0.user_id=?
Hibernate: select fc1_0.id,fc1_0.address,fc1_0.company_name,fc1_0.contact_phone,fc1_0.created_at,fc1_0.registration_no,fc1_0.user_id from fleet_companies fc1_0 where fc1_0.user_id=?
Hibernate: select t1_0.id,t1_0.capacity_ton,t1_0.fleet_company_id,t1_0.status,t1_0.truck_no,t1_0.truck_type from trucks t1_0 where t1_0.fleet_company_id=?
Hibernate: select fc1_0.id,fc1_0.address,fc1_0.company_name,fc1_0.contact_phone,fc1_0.created_at,fc1_0.registration_no,fc1_0.user_id from fleet_companies fc1_0 where fc1_0.user_id=?
Hibernate: select t1_0.id,t1_0.capacity_ton,t1_0.fleet_company_id,t1_0.status,t1_0.truck_no,t1_0.truck_type from trucks t1_0 where t1_0.fleet_company_id=?
Hibernate: select fc1_0.id,fc1_0.address,fc1_0.company_name,fc1_0.contact_phone,fc1_0.created_at,fc1_0.registration_no,fc1_0.user_id from fleet_companies fc1_0 where fc1_0.user_id=?
Hibernate: select t1_0.id,t1_0.capacity_ton,t1_0.fleet_company_id,t1_0.status,t1_0.truck_no,t1_0.truck_type from trucks t1_0 where t1_0.fleet_company_id=?
Hibernate: select fc1_0.id,fc1_0.address,fc1_0.company_name,fc1_0.contact_phone,fc1_0.created_at,fc1_0.registration_no,fc1_0.user_id from fleet_companies fc1_0 where fc1_0.user_id=?
Hibernate: select t1_0.id,t1_0.capacity_ton,t1_0.fleet_company_id,t1_0.status,t1_0.truck_no,t1_0.truck_type from trucks t1_0 where t1_0.fleet_company_id=?
Hibernate: select fc1_0.id,fc1_0.address,fc1_0.company_name,fc1_0.contact_phone,fc1_0.created_at,fc1_0.registration_no,fc1_0.user_id from fleet_companies fc1_0 where fc1_0.user_id=?
Hibernate: select t1_0.id,t1_0.capacity_ton,t1_0.fleet_company_id,t1_0.status,t1_0.truck_no,t1_0.truck_type from trucks t1_0 where t1_0.fleet_company_id=?
Hibernate: select d1_0.id,d1_0.fleet_company_id,d1_0.full_name,d1_0.license_no,d1_0.phone,d1_0.status,d1_0.user_id from drivers d1_0 where d1_0.fleet_company_id=? and d1_0.status=?
Hibernate: select t1_0.id,t1_0.driver_id,t1_0.end_time,t1_0.shipment_id,t1_0.start_time,t1_0.status,t1_0.truck_id from trips t1_0 where t1_0.truck_id in (?) order by t1_0.start_time desc
Hibernate: select fc1_0.id,fc1_0.address,fc1_0.company_name,fc1_0.contact_phone,fc1_0.created_at,fc1_0.registration_no,fc1_0.user_id from fleet_companies fc1_0 where fc1_0.user_id=?
Hibernate: select t1_0.id,t1_0.capacity_ton,t1_0.fleet_company_id,t1_0.status,t1_0.truck_no,t1_0.truck_type from trucks t1_0 where t1_0.fleet_company_id=?
Hibernate: select d1_0.id,d1_0.fleet_company_id,d1_0.full_name,d1_0.license_no,d1_0.phone,d1_0.status,d1_0.user_id from drivers d1_0 where d1_0.fleet_company_id=? and d1_0.status=?
Hibernate: select t1_0.id,t1_0.driver_id,t1_0.end_time,t1_0.shipment_id,t1_0.start_time,t1_0.status,t1_0.truck_id from trips t1_0 where t1_0.truck_id in (?) order by t1_0.start_time desc
Hibernate: select fc1_0.id,fc1_0.address,fc1_0.company_name,fc1_0.contact_phone,fc1_0.created_at,fc1_0.registration_no,fc1_0.user_id from fleet_companies fc1_0 where fc1_0.user_id=?
Hibernate: select t1_0.id,t1_0.capacity_ton,t1_0.fleet_company_id,t1_0.status,t1_0.truck_no,t1_0.truck_type from trucks t1_0 where t1_0.fleet_company_id=?
Hibernate: select fc1_0.id,fc1_0.address,fc1_0.company_name,fc1_0.contact_phone,fc1_0.created_at,fc1_0.registration_no,fc1_0.user_id from fleet_companies fc1_0 where fc1_0.user_id=?
Hibernate: select t1_0.id,t1_0.capacity_ton,t1_0.fleet_company_id,t1_0.status,t1_0.truck_no,t1_0.truck_type from trucks t1_0 where t1_0.fleet_company_id=?
Hibernate: select fc1_0.id,fc1_0.address,fc1_0.company_name,fc1_0.contact_phone,fc1_0.created_at,fc1_0.registration_no,fc1_0.user_id from fleet_companies fc1_0 where fc1_0.user_id=?
Hibernate: select d1_0.id,d1_0.fleet_company_id,d1_0.full_name,d1_0.license_no,d1_0.phone,d1_0.status,d1_0.user_id from drivers d1_0 where d1_0.fleet_company_id=?
Hibernate: select fc1_0.id,fc1_0.address,fc1_0.company_name,fc1_0.contact_phone,fc1_0.created_at,fc1_0.registration_no,fc1_0.user_id from fleet_companies fc1_0 where fc1_0.user_id=?
Hibernate: select d1_0.id,d1_0.fleet_company_id,d1_0.full_name,d1_0.license_no,d1_0.phone,d1_0.status,d1_0.user_id from drivers d1_0 where d1_0.fleet_company_id=?
Hibernate: select fc1_0.id,fc1_0.address,fc1_0.company_name,fc1_0.contact_phone,fc1_0.created_at,fc1_0.registration_no,fc1_0.user_id from fleet_companies fc1_0 where fc1_0.user_id=?
Hibernate: select fc1_0.id,fc1_0.address,fc1_0.company_name,fc1_0.contact_phone,fc1_0.created_at,fc1_0.registration_no,fc1_0.user_id from fleet_companies fc1_0 where fc1_0.user_id=?
Hibernate: select t1_0.id,t1_0.capacity_ton,t1_0.fleet_company_id,t1_0.status,t1_0.truck_no,t1_0.truck_type from trucks t1_0 where t1_0.fleet_company_id=?
Hibernate: select d1_0.id,d1_0.fleet_company_id,d1_0.full_name,d1_0.license_no,d1_0.phone,d1_0.status,d1_0.user_id from drivers d1_0 where d1_0.fleet_company_id=? and d1_0.status=?
Hibernate: select t1_0.id,t1_0.driver_id,t1_0.end_time,t1_0.shipment_id,t1_0.start_time,t1_0.status,t1_0.truck_id from trips t1_0 where t1_0.truck_id in (?) order by t1_0.start_time desc
Hibernate: select fc1_0.id,fc1_0.address,fc1_0.company_name,fc1_0.contact_phone,fc1_0.created_at,fc1_0.registration_no,fc1_0.user_id from fleet_companies fc1_0 where fc1_0.user_id=?
Hibernate: select fc1_0.id,fc1_0.address,fc1_0.company_name,fc1_0.contact_phone,fc1_0.created_at,fc1_0.registration_no,fc1_0.user_id from fleet_companies fc1_0 where fc1_0.user_id=?
Hibernate: select t1_0.id,t1_0.capacity_ton,t1_0.fleet_company_id,t1_0.status,t1_0.truck_no,t1_0.truck_type from trucks t1_0 where t1_0.fleet_company_id=?
Hibernate: select d1_0.id,d1_0.fleet_company_id,d1_0.full_name,d1_0.license_no,d1_0.phone,d1_0.status,d1_0.user_id from drivers d1_0 where d1_0.fleet_company_id=? and d1_0.status=?
Hibernate: select t1_0.id,t1_0.driver_id,t1_0.end_time,t1_0.shipment_id,t1_0.start_time,t1_0.status,t1_0.truck_id from trips t1_0 where t1_0.truck_id in (?) order by t1_0.start_time desc
Hibernate: select fc1_0.id,fc1_0.address,fc1_0.company_name,fc1_0.contact_phone,fc1_0.created_at,fc1_0.registration_no,fc1_0.user_id from fleet_companies fc1_0 where fc1_0.user_id=?
Hibernate: select t1_0.id,t1_0.capacity_ton,t1_0.fleet_company_id,t1_0.status,t1_0.truck_no,t1_0.truck_type from trucks t1_0 where t1_0.fleet_company_id=?
Hibernate: select ta1_0.id,ta1_0.available_capacity_ton,ta1_0.available_from,ta1_0.route_from,ta1_0.route_to,ta1_0.status,ta1_0.trip_type,ta1_0.truck_id from truck_availability ta1_0 where ta1_0.truck_id in (?) order by ta1_0.available_from desc
Hibernate: select fc1_0.id,fc1_0.address,fc1_0.company_name,fc1_0.contact_phone,fc1_0.created_at,fc1_0.registration_no,fc1_0.user_id from fleet_companies fc1_0 where fc1_0.user_id=?
Hibernate: select t1_0.id,t1_0.capacity_ton,t1_0.fleet_company_id,t1_0.status,t1_0.truck_no,t1_0.truck_type from trucks t1_0 where t1_0.fleet_company_id=?
Hibernate: select ta1_0.id,ta1_0.available_capacity_ton,ta1_0.available_from,ta1_0.route_from,ta1_0.route_to,ta1_0.status,ta1_0.trip_type,ta1_0.truck_id from truck_availability ta1_0 where ta1_0.truck_id in (?) order by ta1_0.available_from desc
Hibernate: select fc1_0.id,fc1_0.address,fc1_0.company_name,fc1_0.contact_phone,fc1_0.created_at,fc1_0.registration_no,fc1_0.user_id from fleet_companies fc1_0 where fc1_0.user_id=?
Hibernate: select fc1_0.id,fc1_0.address,fc1_0.company_name,fc1_0.contact_phone,fc1_0.created_at,fc1_0.registration_no,fc1_0.user_id from fleet_companies fc1_0 where fc1_0.user_id=?
Hibernate: select d1_0.id,d1_0.fleet_company_id,d1_0.full_name,d1_0.license_no,d1_0.phone,d1_0.status,d1_0.user_id from drivers d1_0 where d1_0.user_id=?
Hibernate: select t1_0.id,t1_0.driver_id,t1_0.end_time,t1_0.shipment_id,t1_0.start_time,t1_0.status,t1_0.truck_id from trips t1_0 where t1_0.driver_id=? order by t1_0.start_time desc
Hibernate: select d1_0.id,d1_0.fleet_company_id,d1_0.full_name,d1_0.license_no,d1_0.phone,d1_0.status,d1_0.user_id from drivers d1_0 where d1_0.user_id=?
Hibernate: select t1_0.id,t1_0.driver_id,t1_0.end_time,t1_0.shipment_id,t1_0.start_time,t1_0.status,t1_0.truck_id from trips t1_0 where t1_0.driver_id=? order by t1_0.start_time desc
Hibernate: select d1_0.id,d1_0.fleet_company_id,d1_0.full_name,d1_0.license_no,d1_0.phone,d1_0.status,d1_0.user_id from drivers d1_0 where d1_0.user_id=?
Hibernate: select t1_0.id,t1_0.driver_id,t1_0.end_time,t1_0.shipment_id,t1_0.start_time,t1_0.status,t1_0.truck_id from trips t1_0 where t1_0.driver_id=? order by t1_0.start_time desc
2026-08-01T06:36:06.566+05:30  INFO 38740 --- [FLEET-SERVICE] [rap-executor-%d] c.n.d.s.r.aws.ConfigClusterResolver      : Resolving eureka endpoints via configuration
Hibernate: select d1_0.id,d1_0.fleet_company_id,d1_0.full_name,d1_0.license_no,d1_0.phone,d1_0.status,d1_0.user_id from drivers d1_0 where d1_0.user_id=?
Hibernate: select t1_0.id,t1_0.driver_id,t1_0.end_time,t1_0.shipment_id,t1_0.start_time,t1_0.status,t1_0.truck_id from trips t1_0 where t1_0.driver_id=? order by t1_0.start_time desc
Hibernate: select d1_0.id,d1_0.fleet_company_id,d1_0.full_name,d1_0.license_no,d1_0.phone,d1_0.status,d1_0.user_id from drivers d1_0 where d1_0.user_id=?
Hibernate: select t1_0.id,t1_0.driver_id,t1_0.end_time,t1_0.shipment_id,t1_0.start_time,t1_0.status,t1_0.truck_id from trips t1_0 where t1_0.driver_id=? order by t1_0.start_time desc
Hibernate: select d1_0.id,d1_0.fleet_company_id,d1_0.full_name,d1_0.license_no,d1_0.phone,d1_0.status,d1_0.user_id from drivers d1_0 where d1_0.user_id=?
Hibernate: select t1_0.id,t1_0.driver_id,t1_0.end_time,t1_0.shipment_id,t1_0.start_time,t1_0.status,t1_0.truck_id from trips t1_0 where t1_0.driver_id=? order by t1_0.start_time desc
Hibernate: select d1_0.id,d1_0.fleet_company_id,d1_0.full_name,d1_0.license_no,d1_0.phone,d1_0.status,d1_0.user_id from drivers d1_0 where d1_0.user_id=?
Hibernate: select t1_0.id,t1_0.driver_id,t1_0.end_time,t1_0.shipment_id,t1_0.start_time,t1_0.status,t1_0.truck_id from trips t1_0 where t1_0.driver_id=? order by t1_0.start_time desc
Hibernate: select d1_0.id,d1_0.fleet_company_id,d1_0.full_name,d1_0.license_no,d1_0.phone,d1_0.status,d1_0.user_id from drivers d1_0 where d1_0.user_id=?
Hibernate: select t1_0.id,t1_0.driver_id,t1_0.end_time,t1_0.shipment_id,t1_0.start_time,t1_0.status,t1_0.truck_id from trips t1_0 where t1_0.driver_id=? order by t1_0.start_time desc
2026-08-01T06:41:06.568+05:30  INFO 38740 --- [FLEET-SERVICE] [rap-executor-%d] c.n.d.s.r.aws.ConfigClusterResolver      : Resolving eureka endpoints via configuration
Hibernate: select d1_0.id,d1_0.fleet_company_id,d1_0.full_name,d1_0.license_no,d1_0.phone,d1_0.status,d1_0.user_id from drivers d1_0 where d1_0.user_id=?
Hibernate: select t1_0.id,t1_0.driver_id,t1_0.end_time,t1_0.shipment_id,t1_0.start_time,t1_0.status,t1_0.truck_id from trips t1_0 where t1_0.driver_id=? order by t1_0.start_time desc
Hibernate: select d1_0.id,d1_0.fleet_company_id,d1_0.full_name,d1_0.license_no,d1_0.phone,d1_0.status,d1_0.user_id from drivers d1_0 where d1_0.user_id=?
Hibernate: select t1_0.id,t1_0.driver_id,t1_0.end_time,t1_0.shipment_id,t1_0.start_time,t1_0.status,t1_0.truck_id from trips t1_0 where t1_0.driver_id=? order by t1_0.start_time desc
Hibernate: select d1_0.id,d1_0.fleet_company_id,d1_0.full_name,d1_0.license_no,d1_0.phone,d1_0.status,d1_0.user_id from drivers d1_0 where d1_0.user_id=?
Hibernate: select t1_0.id,t1_0.driver_id,t1_0.end_time,t1_0.shipment_id,t1_0.start_time,t1_0.status,t1_0.truck_id from trips t1_0 where t1_0.driver_id=? order by t1_0.start_time desc
Hibernate: select fc1_0.id,fc1_0.address,fc1_0.company_name,fc1_0.contact_phone,fc1_0.created_at,fc1_0.registration_no,fc1_0.user_id from fleet_companies fc1_0 where fc1_0.user_id=?
Hibernate: select t1_0.id,t1_0.capacity_ton,t1_0.fleet_company_id,t1_0.status,t1_0.truck_no,t1_0.truck_type from trucks t1_0 where t1_0.fleet_company_id=?
Hibernate: select d1_0.id,d1_0.fleet_company_id,d1_0.full_name,d1_0.license_no,d1_0.phone,d1_0.status,d1_0.user_id from drivers d1_0 where d1_0.fleet_company_id=? and d1_0.status=?
Hibernate: select t1_0.id,t1_0.driver_id,t1_0.end_time,t1_0.shipment_id,t1_0.start_time,t1_0.status,t1_0.truck_id from trips t1_0 where t1_0.truck_id in (?) order by t1_0.start_time desc
Hibernate: select fc1_0.id,fc1_0.address,fc1_0.company_name,fc1_0.contact_phone,fc1_0.created_at,fc1_0.registration_no,fc1_0.user_id from fleet_companies fc1_0 where fc1_0.user_id=?
Hibernate: select t1_0.id,t1_0.capacity_ton,t1_0.fleet_company_id,t1_0.status,t1_0.truck_no,t1_0.truck_type from trucks t1_0 where t1_0.fleet_company_id=?
Hibernate: select d1_0.id,d1_0.fleet_company_id,d1_0.full_name,d1_0.license_no,d1_0.phone,d1_0.status,d1_0.user_id from drivers d1_0 where d1_0.fleet_company_id=? and d1_0.status=?
Hibernate: select t1_0.id,t1_0.driver_id,t1_0.end_time,t1_0.shipment_id,t1_0.start_time,t1_0.status,t1_0.truck_id from trips t1_0 where t1_0.truck_id in (?) order by t1_0.start_time desc
Hibernate: select d1_0.id,d1_0.fleet_company_id,d1_0.full_name,d1_0.license_no,d1_0.phone,d1_0.status,d1_0.user_id from drivers d1_0 where d1_0.user_id=?
Hibernate: select t1_0.id,t1_0.driver_id,t1_0.end_time,t1_0.shipment_id,t1_0.start_time,t1_0.status,t1_0.truck_id from trips t1_0 where t1_0.driver_id=? order by t1_0.start_time desc
Hibernate: select fc1_0.id,fc1_0.address,fc1_0.company_name,fc1_0.contact_phone,fc1_0.created_at,fc1_0.registration_no,fc1_0.user_id from fleet_companies fc1_0 where fc1_0.user_id=?
Hibernate: select t1_0.id,t1_0.capacity_ton,t1_0.fleet_company_id,t1_0.status,t1_0.truck_no,t1_0.truck_type from trucks t1_0 where t1_0.fleet_company_id=?
Hibernate: select d1_0.id,d1_0.fleet_company_id,d1_0.full_name,d1_0.license_no,d1_0.phone,d1_0.status,d1_0.user_id from drivers d1_0 where d1_0.fleet_company_id=? and d1_0.status=?
Hibernate: select t1_0.id,t1_0.driver_id,t1_0.end_time,t1_0.shipment_id,t1_0.start_time,t1_0.status,t1_0.truck_id from trips t1_0 where t1_0.truck_id in (?) order by t1_0.start_time desc
Hibernate: select fc1_0.id,fc1_0.address,fc1_0.company_name,fc1_0.contact_phone,fc1_0.created_at,fc1_0.registration_no,fc1_0.user_id from fleet_companies fc1_0 where fc1_0.user_id=?
Hibernate: select t1_0.id,t1_0.capacity_ton,t1_0.fleet_company_id,t1_0.status,t1_0.truck_no,t1_0.truck_type from trucks t1_0 where t1_0.fleet_company_id=?
Hibernate: select d1_0.id,d1_0.fleet_company_id,d1_0.full_name,d1_0.license_no,d1_0.phone,d1_0.status,d1_0.user_id from drivers d1_0 where d1_0.fleet_company_id=? and d1_0.status=?
Hibernate: select t1_0.id,t1_0.driver_id,t1_0.end_time,t1_0.shipment_id,t1_0.start_time,t1_0.status,t1_0.truck_id from trips t1_0 where t1_0.truck_id in (?) order by t1_0.start_time desc
Hibernate: select d1_0.id,d1_0.fleet_company_id,d1_0.full_name,d1_0.license_no,d1_0.phone,d1_0.status,d1_0.user_id from drivers d1_0 where d1_0.user_id=?
Hibernate: select t1_0.id,t1_0.driver_id,t1_0.end_time,t1_0.shipment_id,t1_0.start_time,t1_0.status,t1_0.truck_id from trips t1_0 where t1_0.driver_id=? order by t1_0.start_time desc
Hibernate: select d1_0.id,d1_0.fleet_company_id,d1_0.full_name,d1_0.license_no,d1_0.phone,d1_0.status,d1_0.user_id from drivers d1_0 where d1_0.user_id=?
Hibernate: select t1_0.id,t1_0.driver_id,t1_0.end_time,t1_0.shipment_id,t1_0.start_time,t1_0.status,t1_0.truck_id from trips t1_0 where t1_0.driver_id=? order by t1_0.start_time desc
2026-08-01T06:46:06.569+05:30  INFO 38740 --- [FLEET-SERVICE] [rap-executor-%d] c.n.d.s.r.aws.ConfigClusterResolver      : Resolving eureka endpoints via configuration
2026-08-01T06:51:06.571+05:30  INFO 38740 --- [FLEET-SERVICE] [rap-executor-%d] c.n.d.s.r.aws.ConfigClusterResolver      : Resolving eureka endpoints via configuration
Hibernate: select fc1_0.id,fc1_0.address,fc1_0.company_name,fc1_0.contact_phone,fc1_0.created_at,fc1_0.registration_no,fc1_0.user_id from fleet_companies fc1_0 where fc1_0.user_id=?
Hibernate: select t1_0.id,t1_0.capacity_ton,t1_0.fleet_company_id,t1_0.status,t1_0.truck_no,t1_0.truck_type from trucks t1_0 where t1_0.fleet_company_id=?
Hibernate: select d1_0.id,d1_0.fleet_company_id,d1_0.full_name,d1_0.license_no,d1_0.phone,d1_0.status,d1_0.user_id from drivers d1_0 where d1_0.fleet_company_id=? and d1_0.status=?
Hibernate: select t1_0.id,t1_0.driver_id,t1_0.end_time,t1_0.shipment_id,t1_0.start_time,t1_0.status,t1_0.truck_id from trips t1_0 where t1_0.truck_id in (?) order by t1_0.start_time desc
Hibernate: select fc1_0.id,fc1_0.address,fc1_0.company_name,fc1_0.contact_phone,fc1_0.created_at,fc1_0.registration_no,fc1_0.user_id from fleet_companies fc1_0 where fc1_0.user_id=?
Hibernate: select t1_0.id,t1_0.capacity_ton,t1_0.fleet_company_id,t1_0.status,t1_0.truck_no,t1_0.truck_type from trucks t1_0 where t1_0.fleet_company_id=?
Hibernate: select d1_0.id,d1_0.fleet_company_id,d1_0.full_name,d1_0.license_no,d1_0.phone,d1_0.status,d1_0.user_id from drivers d1_0 where d1_0.fleet_company_id=? and d1_0.status=?
Hibernate: select t1_0.id,t1_0.driver_id,t1_0.end_time,t1_0.shipment_id,t1_0.start_time,t1_0.status,t1_0.truck_id from trips t1_0 where t1_0.truck_id in (?) order by t1_0.start_time desc
Hibernate: select d1_0.id,d1_0.fleet_company_id,d1_0.full_name,d1_0.license_no,d1_0.phone,d1_0.status,d1_0.user_id from drivers d1_0 where d1_0.user_id=?
Hibernate: select t1_0.id,t1_0.driver_id,t1_0.end_time,t1_0.shipment_id,t1_0.start_time,t1_0.status,t1_0.truck_id from trips t1_0 where t1_0.driver_id=? order by t1_0.start_time desc
Hibernate: select d1_0.id,d1_0.fleet_company_id,d1_0.full_name,d1_0.license_no,d1_0.phone,d1_0.status,d1_0.user_id from drivers d1_0 where d1_0.user_id=?
Hibernate: select t1_0.id,t1_0.driver_id,t1_0.end_time,t1_0.shipment_id,t1_0.start_time,t1_0.status,t1_0.truck_id from trips t1_0 where t1_0.driver_id=? order by t1_0.start_time desc
2026-08-01T06:56:06.572+05:30  INFO 38740 --- [FLEET-SERVICE] [rap-executor-%d] c.n.d.s.r.aws.ConfigClusterResolver      : Resolving eureka endpoints via configuration
2026-08-01T07:01:06.574+05:30  INFO 38740 --- [FLEET-SERVICE] [rap-executor-%d] c.n.d.s.r.aws.ConfigClusterResolver      : Resolving eureka endpoints via configuration
2026-08-01T07:06:06.585+05:30  INFO 38740 --- [FLEET-SERVICE] [rap-executor-%d] c.n.d.s.r.aws.ConfigClusterResolver      : Resolving eureka endpoints via configuration
2026-08-01T07:11:06.596+05:30  INFO 38740 --- [FLEET-SERVICE] [rap-executor-%d] c.n.d.s.r.aws.ConfigClusterResolver      : Resolving eureka endpoints via configuration
2026-08-01T07:16:06.601+05:30  INFO 38740 --- [FLEET-SERVICE] [rap-executor-%d] c.n.d.s.r.aws.ConfigClusterResolver      : Resolving eureka endpoints via configuration
2026-08-01T07:21:06.606+05:30  INFO 38740 --- [FLEET-SERVICE] [rap-executor-%d] c.n.d.s.r.aws.ConfigClusterResolver      : Resolving eureka endpoints via configuration
